event_id,scenario,threshold_mm_per_hr,event_file,mean_wet_fraction,units
1,historical,0.1,WRFrain_noPGW_HPE01.mat,0.241617357001972,fraction
1,future,0.1,WRFrain_PGW_V3_HPE01.mat,0.147107166337936,fraction
1,historical,1,WRFrain_noPGW_HPE01.mat,0.0790598290598291,fraction
1,future,1,WRFrain_PGW_V3_HPE01.mat,0.0576923076923077,fraction
1,historical,2,WRFrain_noPGW_HPE01.mat,0.0438856015779093,fraction
1,future,2,WRFrain_PGW_V3_HPE01.mat,0.039612097304405,fraction
1,historical,5,WRFrain_noPGW_HPE01.mat,0.0182445759368836,fraction
1,future,5,WRFrain_PGW_V3_HPE01.mat,0.0156147271531887,fraction
1,historical,7.5,WRFrain_noPGW_HPE01.mat,0.0105193951347798,fraction
1,future,7.5,WRFrain_PGW_V3_HPE01.mat,0.00986193293885602,fraction
1,historical,10,WRFrain_noPGW_HPE01.mat,0.00608152531229454,fraction
1,future,10,WRFrain_PGW_V3_HPE01.mat,0.00871137409598948,fraction
1,historical,20,WRFrain_noPGW_HPE01.mat,0,fraction
1,future,20,WRFrain_PGW_V3_HPE01.mat,0.00542406311637081,fraction
1,historical,50,WRFrain_noPGW_HPE01.mat,0,fraction
1,future,50,WRFrain_PGW_V3_HPE01.mat,0.000986193293885602,fraction
1,historical,60,WRFrain_noPGW_HPE01.mat,0,fraction
1,future,60,WRFrain_PGW_V3_HPE01.mat,0.000657462195923734,fraction
1,historical,80,WRFrain_noPGW_HPE01.mat,0,fraction
1,future,80,WRFrain_PGW_V3_HPE01.mat,0,fraction
1,historical,100,WRFrain_noPGW_HPE01.mat,0,fraction
1,future,100,WRFrain_PGW_V3_HPE01.mat,0,fraction
2,historical,0.1,WRFrain_noPGW_HPE02.mat,0.44017094017094,fraction
2,future,0.1,WRFrain_PGW_V3_HPE02.mat,0.324414715719063,fraction
2,historical,1,WRFrain_noPGW_HPE02.mat,0.255481233742103,fraction
2,future,1,WRFrain_PGW_V3_HPE02.mat,0.181716833890747,fraction
2,historical,2,WRFrain_noPGW_HPE02.mat,0.168896321070234,fraction
2,future,2,WRFrain_PGW_V3_HPE02.mat,0.136752136752137,fraction
2,historical,5,WRFrain_noPGW_HPE02.mat,0.0560200668896321,fraction
2,future,5,WRFrain_PGW_V3_HPE02.mat,0.0640096618357488,fraction
2,historical,7.5,WRFrain_noPGW_HPE02.mat,0.0277777777777778,fraction
2,future,7.5,WRFrain_PGW_V3_HPE02.mat,0.0349312523225567,fraction
2,historical,10,WRFrain_noPGW_HPE02.mat,0.0157004830917874,fraction
2,future,10,WRFrain_PGW_V3_HPE02.mat,0.0211817168338907,fraction
2,historical,20,WRFrain_noPGW_HPE02.mat,0.00241545893719807,fraction
2,future,20,WRFrain_PGW_V3_HPE02.mat,0.00622445187662579,fraction
2,historical,50,WRFrain_noPGW_HPE02.mat,0,fraction
2,future,50,WRFrain_PGW_V3_HPE02.mat,0,fraction
2,historical,60,WRFrain_noPGW_HPE02.mat,0,fraction
2,future,60,WRFrain_PGW_V3_HPE02.mat,0,fraction
2,historical,80,WRFrain_noPGW_HPE02.mat,0,fraction
2,future,80,WRFrain_PGW_V3_HPE02.mat,0,fraction
2,historical,100,WRFrain_noPGW_HPE02.mat,0,fraction
2,future,100,WRFrain_PGW_V3_HPE02.mat,0,fraction
3,historical,0.1,WRFrain_noPGW_HPE03.mat,0.115384615384615,fraction
3,future,0.1,WRFrain_PGW_V3_HPE03.mat,0.0775805391190007,fraction
3,historical,1,WRFrain_noPGW_HPE03.mat,0.0736357659434583,fraction
3,future,1,WRFrain_PGW_V3_HPE03.mat,0.0391190006574622,fraction
3,historical,2,WRFrain_noPGW_HPE03.mat,0.0558842866535174,fraction
3,future,2,WRFrain_PGW_V3_HPE03.mat,0.032215647600263,fraction
3,historical,5,WRFrain_noPGW_HPE03.mat,0.0241617357001972,fraction
3,future,5,WRFrain_PGW_V3_HPE03.mat,0.0225180802103879,fraction
3,historical,7.5,WRFrain_noPGW_HPE03.mat,0.0164365548980934,fraction
3,future,7.5,WRFrain_PGW_V3_HPE03.mat,0.0182445759368836,fraction
3,historical,10,WRFrain_noPGW_HPE03.mat,0.0110124917817226,fraction
3,future,10,WRFrain_PGW_V3_HPE03.mat,0.0144641683103222,fraction
3,historical,20,WRFrain_noPGW_HPE03.mat,0.00394477317554241,fraction
3,future,20,WRFrain_PGW_V3_HPE03.mat,0.00493096646942801,fraction
3,historical,50,WRFrain_noPGW_HPE03.mat,0,fraction
3,future,50,WRFrain_PGW_V3_HPE03.mat,0.00180802103879027,fraction
3,historical,60,WRFrain_noPGW_HPE03.mat,0,fraction
3,future,60,WRFrain_PGW_V3_HPE03.mat,0.00164365548980934,fraction
3,historical,80,WRFrain_noPGW_HPE03.mat,0,fraction
3,future,80,WRFrain_PGW_V3_HPE03.mat,0.000986193293885602,fraction
3,historical,100,WRFrain_noPGW_HPE03.mat,0,fraction
3,future,100,WRFrain_PGW_V3_HPE03.mat,0,fraction
4,historical,0.1,WRFrain_noPGW_HPE04.mat,0.433663558663559,fraction
4,future,0.1,WRFrain_PGW_V3_HPE04.mat,0.366666666666667,fraction
4,historical,1,WRFrain_noPGW_HPE04.mat,0.268550893550894,fraction
4,future,1,WRFrain_PGW_V3_HPE04.mat,0.237863247863248,fraction
4,historical,2,WRFrain_noPGW_HPE04.mat,0.193376068376068,fraction
4,future,2,WRFrain_PGW_V3_HPE04.mat,0.176581196581197,fraction
4,historical,5,WRFrain_noPGW_HPE04.mat,0.0862470862470862,fraction
4,future,5,WRFrain_PGW_V3_HPE04.mat,0.0958119658119658,fraction
4,historical,7.5,WRFrain_noPGW_HPE04.mat,0.0506021756021756,fraction
4,future,7.5,WRFrain_PGW_V3_HPE04.mat,0.0688034188034188,fraction
4,historical,10,WRFrain_noPGW_HPE04.mat,0.0328282828282828,fraction
4,future,10,WRFrain_PGW_V3_HPE04.mat,0.0511965811965812,fraction
4,historical,20,WRFrain_noPGW_HPE04.mat,0.00786713286713287,fraction
4,future,20,WRFrain_PGW_V3_HPE04.mat,0.015042735042735,fraction
4,historical,50,WRFrain_noPGW_HPE04.mat,0.000582750582750583,fraction
4,future,50,WRFrain_PGW_V3_HPE04.mat,0.000683760683760684,fraction
4,historical,60,WRFrain_noPGW_HPE04.mat,0,fraction
4,future,60,WRFrain_PGW_V3_HPE04.mat,0.000170940170940171,fraction
4,historical,80,WRFrain_noPGW_HPE04.mat,0,fraction
4,future,80,WRFrain_PGW_V3_HPE04.mat,0,fraction
4,historical,100,WRFrain_noPGW_HPE04.mat,0,fraction
4,future,100,WRFrain_PGW_V3_HPE04.mat,0,fraction
5,historical,0.1,WRFrain_noPGW_HPE05.mat,0.00267094017094017,fraction
5,future,0.1,WRFrain_PGW_V3_HPE05.mat,0,fraction
5,historical,1,WRFrain_noPGW_HPE05.mat,0,fraction
5,future,1,WRFrain_PGW_V3_HPE05.mat,0,fraction
5,historical,2,WRFrain_noPGW_HPE05.mat,0,fraction
5,future,2,WRFrain_PGW_V3_HPE05.mat,0,fraction
5,historical,5,WRFrain_noPGW_HPE05.mat,0,fraction
5,future,5,WRFrain_PGW_V3_HPE05.mat,0,fraction
5,historical,7.5,WRFrain_noPGW_HPE05.mat,0,fraction
5,future,7.5,WRFrain_PGW_V3_HPE05.mat,0,fraction
5,historical,10,WRFrain_noPGW_HPE05.mat,0,fraction
5,future,10,WRFrain_PGW_V3_HPE05.mat,0,fraction
5,historical,20,WRFrain_noPGW_HPE05.mat,0,fraction
5,future,20,WRFrain_PGW_V3_HPE05.mat,0,fraction
5,historical,50,WRFrain_noPGW_HPE05.mat,0,fraction
5,future,50,WRFrain_PGW_V3_HPE05.mat,0,fraction
5,historical,60,WRFrain_noPGW_HPE05.mat,0,fraction
5,future,60,WRFrain_PGW_V3_HPE05.mat,0,fraction
5,historical,80,WRFrain_noPGW_HPE05.mat,0,fraction
5,future,80,WRFrain_PGW_V3_HPE05.mat,0,fraction
5,historical,100,WRFrain_noPGW_HPE05.mat,0,fraction
5,future,100,WRFrain_PGW_V3_HPE05.mat,0,fraction
6,historical,0.1,WRFrain_noPGW_HPE06.mat,0.00150829562594268,fraction
6,future,0.1,WRFrain_PGW_V3_HPE06.mat,0.00641025641025641,fraction
6,historical,1,WRFrain_noPGW_HPE06.mat,0,fraction
6,future,1,WRFrain_PGW_V3_HPE06.mat,0.000949667616334283,fraction
6,historical,2,WRFrain_noPGW_HPE06.mat,0,fraction
6,future,2,WRFrain_PGW_V3_HPE06.mat,0,fraction
6,historical,5,WRFrain_noPGW_HPE06.mat,0,fraction
6,future,5,WRFrain_PGW_V3_HPE06.mat,0,fraction
6,historical,7.5,WRFrain_noPGW_HPE06.mat,0,fraction
6,future,7.5,WRFrain_PGW_V3_HPE06.mat,0,fraction
6,historical,10,WRFrain_noPGW_HPE06.mat,0,fraction
6,future,10,WRFrain_PGW_V3_HPE06.mat,0,fraction
6,historical,20,WRFrain_noPGW_HPE06.mat,0,fraction
6,future,20,WRFrain_PGW_V3_HPE06.mat,0,fraction
6,historical,50,WRFrain_noPGW_HPE06.mat,0,fraction
6,future,50,WRFrain_PGW_V3_HPE06.mat,0,fraction
6,historical,60,WRFrain_noPGW_HPE06.mat,0,fraction
6,future,60,WRFrain_PGW_V3_HPE06.mat,0,fraction
6,historical,80,WRFrain_noPGW_HPE06.mat,0,fraction
6,future,80,WRFrain_PGW_V3_HPE06.mat,0,fraction
6,historical,100,WRFrain_noPGW_HPE06.mat,0,fraction
6,future,100,WRFrain_PGW_V3_HPE06.mat,0,fraction
7,historical,0.1,WRFrain_noPGW_HPE07.mat,0.0843195266272189,fraction
7,future,0.1,WRFrain_PGW_V3_HPE07.mat,0.14086127547666,fraction
7,historical,1,WRFrain_noPGW_HPE07.mat,0.0356673241288626,fraction
7,future,1,WRFrain_PGW_V3_HPE07.mat,0.0839907955292571,fraction
7,historical,2,WRFrain_noPGW_HPE07.mat,0.0210387902695595,fraction
7,future,2,WRFrain_PGW_V3_HPE07.mat,0.0627876397107166,fraction
7,historical,5,WRFrain_noPGW_HPE07.mat,0.00772518080210388,fraction
7,future,5,WRFrain_PGW_V3_HPE07.mat,0.0290927021696252,fraction
7,historical,7.5,WRFrain_noPGW_HPE07.mat,0.00394477317554241,fraction
7,future,7.5,WRFrain_PGW_V3_HPE07.mat,0.0157790927021696,fraction
7,historical,10,WRFrain_noPGW_HPE07.mat,0.00213675213675214,fraction
7,future,10,WRFrain_PGW_V3_HPE07.mat,0.0101906640368179,fraction
7,historical,20,WRFrain_noPGW_HPE07.mat,0.000493096646942801,fraction
7,future,20,WRFrain_PGW_V3_HPE07.mat,0.002465483234714,fraction
7,historical,50,WRFrain_noPGW_HPE07.mat,0,fraction
7,future,50,WRFrain_PGW_V3_HPE07.mat,0,fraction
7,historical,60,WRFrain_noPGW_HPE07.mat,0,fraction
7,future,60,WRFrain_PGW_V3_HPE07.mat,0,fraction
7,historical,80,WRFrain_noPGW_HPE07.mat,0,fraction
7,future,80,WRFrain_PGW_V3_HPE07.mat,0,fraction
7,historical,100,WRFrain_noPGW_HPE07.mat,0,fraction
7,future,100,WRFrain_PGW_V3_HPE07.mat,0,fraction
8,historical,0.1,WRFrain_noPGW_HPE08.mat,0.128205128205128,fraction
8,future,0.1,WRFrain_PGW_V3_HPE08.mat,0.0412820512820513,fraction
8,historical,1,WRFrain_noPGW_HPE08.mat,0.051025641025641,fraction
8,future,1,WRFrain_PGW_V3_HPE08.mat,0.0155555555555556,fraction
8,historical,2,WRFrain_noPGW_HPE08.mat,0.0369230769230769,fraction
8,future,2,WRFrain_PGW_V3_HPE08.mat,0.0112820512820513,fraction
8,historical,5,WRFrain_noPGW_HPE08.mat,0.0206837606837607,fraction
8,future,5,WRFrain_PGW_V3_HPE08.mat,0.00598290598290598,fraction
8,historical,7.5,WRFrain_noPGW_HPE08.mat,0.0156410256410256,fraction
8,future,7.5,WRFrain_PGW_V3_HPE08.mat,0.00384615384615385,fraction
8,historical,10,WRFrain_noPGW_HPE08.mat,0.0113675213675214,fraction
8,future,10,WRFrain_PGW_V3_HPE08.mat,0.00256410256410256,fraction
8,historical,20,WRFrain_noPGW_HPE08.mat,0.00487179487179487,fraction
8,future,20,WRFrain_PGW_V3_HPE08.mat,0.000256410256410256,fraction
8,historical,50,WRFrain_noPGW_HPE08.mat,8.54700854700855e-05,fraction
8,future,50,WRFrain_PGW_V3_HPE08.mat,0,fraction
8,historical,60,WRFrain_noPGW_HPE08.mat,0,fraction
8,future,60,WRFrain_PGW_V3_HPE08.mat,0,fraction
8,historical,80,WRFrain_noPGW_HPE08.mat,0,fraction
8,future,80,WRFrain_PGW_V3_HPE08.mat,0,fraction
8,historical,100,WRFrain_noPGW_HPE08.mat,0,fraction
8,future,100,WRFrain_PGW_V3_HPE08.mat,0,fraction
9,historical,0.1,WRFrain_noPGW_HPE09.mat,0.261060834590246,fraction
9,future,0.1,WRFrain_PGW_V3_HPE09.mat,0.179989944695827,fraction
9,historical,1,WRFrain_noPGW_HPE09.mat,0.144670688788336,fraction
9,future,1,WRFrain_PGW_V3_HPE09.mat,0.0882352941176471,fraction
9,historical,2,WRFrain_noPGW_HPE09.mat,0.0933886375062846,fraction
9,future,2,WRFrain_PGW_V3_HPE09.mat,0.063097033685269,fraction
9,historical,5,WRFrain_noPGW_HPE09.mat,0.0403469079939668,fraction
9,future,5,WRFrain_PGW_V3_HPE09.mat,0.0326797385620915,fraction
9,historical,7.5,WRFrain_noPGW_HPE09.mat,0.021744595274007,fraction
9,future,7.5,WRFrain_PGW_V3_HPE09.mat,0.0227501256913022,fraction
9,historical,10,WRFrain_noPGW_HPE09.mat,0.0150829562594268,fraction
9,future,10,WRFrain_PGW_V3_HPE09.mat,0.0182252388134741,fraction
9,historical,20,WRFrain_noPGW_HPE09.mat,0.00439919557566616,fraction
9,future,20,WRFrain_PGW_V3_HPE09.mat,0.00666163901458019,fraction
9,historical,50,WRFrain_noPGW_HPE09.mat,0.000502765208647562,fraction
9,future,50,WRFrain_PGW_V3_HPE09.mat,0.000502765208647562,fraction
9,historical,60,WRFrain_noPGW_HPE09.mat,0,fraction
9,future,60,WRFrain_PGW_V3_HPE09.mat,0.000251382604323781,fraction
9,historical,80,WRFrain_noPGW_HPE09.mat,0,fraction
9,future,80,WRFrain_PGW_V3_HPE09.mat,0.00012569130216189,fraction
9,historical,100,WRFrain_noPGW_HPE09.mat,0,fraction
9,future,100,WRFrain_PGW_V3_HPE09.mat,0,fraction
10,historical,0.1,WRFrain_noPGW_HPE10.mat,0.282342657342657,fraction
10,future,0.1,WRFrain_PGW_V3_HPE10.mat,0.251359751359751,fraction
10,historical,1,WRFrain_noPGW_HPE10.mat,0.151320901320901,fraction
10,future,1,WRFrain_PGW_V3_HPE10.mat,0.156080031080031,fraction
10,historical,2,WRFrain_noPGW_HPE10.mat,0.100815850815851,fraction
10,future,2,WRFrain_PGW_V3_HPE10.mat,0.11470473970474,fraction
10,historical,5,WRFrain_noPGW_HPE10.mat,0.0377816627816628,fraction
10,future,5,WRFrain_PGW_V3_HPE10.mat,0.057983682983683,fraction
10,historical,7.5,WRFrain_noPGW_HPE10.mat,0.0216588966588967,fraction
10,future,7.5,WRFrain_PGW_V3_HPE10.mat,0.0385586635586636,fraction
10,historical,10,WRFrain_noPGW_HPE10.mat,0.0135975135975136,fraction
10,future,10,WRFrain_PGW_V3_HPE10.mat,0.0255439005439005,fraction
10,historical,20,WRFrain_noPGW_HPE10.mat,0.00116550116550117,fraction
10,future,20,WRFrain_PGW_V3_HPE10.mat,0.00699300699300699,fraction
10,historical,50,WRFrain_noPGW_HPE10.mat,0,fraction
10,future,50,WRFrain_PGW_V3_HPE10.mat,0.000388500388500389,fraction
10,historical,60,WRFrain_noPGW_HPE10.mat,0,fraction
10,future,60,WRFrain_PGW_V3_HPE10.mat,0.000194250194250194,fraction
10,historical,80,WRFrain_noPGW_HPE10.mat,0,fraction
10,future,80,WRFrain_PGW_V3_HPE10.mat,0,fraction
10,historical,100,WRFrain_noPGW_HPE10.mat,0,fraction
10,future,100,WRFrain_PGW_V3_HPE10.mat,0,fraction
11,historical,0.1,WRFrain_noPGW_HPE11.mat,0.168233618233618,fraction
11,future,0.1,WRFrain_PGW_V3_HPE11.mat,0.0407407407407407,fraction
11,historical,1,WRFrain_noPGW_HPE11.mat,0.093019943019943,fraction
11,future,1,WRFrain_PGW_V3_HPE11.mat,0.0148148148148148,fraction
11,historical,2,WRFrain_noPGW_HPE11.mat,0.0562678062678063,fraction
11,future,2,WRFrain_PGW_V3_HPE11.mat,0.010968660968661,fraction
11,historical,5,WRFrain_noPGW_HPE11.mat,0.0168091168091168,fraction
11,future,5,WRFrain_PGW_V3_HPE11.mat,0.00498575498575499,fraction
11,historical,7.5,WRFrain_noPGW_HPE11.mat,0.00911680911680912,fraction
11,future,7.5,WRFrain_PGW_V3_HPE11.mat,0.00256410256410256,fraction
11,historical,10,WRFrain_noPGW_HPE11.mat,0.00626780626780627,fraction
11,future,10,WRFrain_PGW_V3_HPE11.mat,0.00185185185185185,fraction
11,historical,20,WRFrain_noPGW_HPE11.mat,0.000997150997150997,fraction
11,future,20,WRFrain_PGW_V3_HPE11.mat,0,fraction
11,historical,50,WRFrain_noPGW_HPE11.mat,0,fraction
11,future,50,WRFrain_PGW_V3_HPE11.mat,0,fraction
11,historical,60,WRFrain_noPGW_HPE11.mat,0,fraction
11,future,60,WRFrain_PGW_V3_HPE11.mat,0,fraction
11,historical,80,WRFrain_noPGW_HPE11.mat,0,fraction
11,future,80,WRFrain_PGW_V3_HPE11.mat,0,fraction
11,historical,100,WRFrain_noPGW_HPE11.mat,0,fraction
11,future,100,WRFrain_PGW_V3_HPE11.mat,0,fraction
12,historical,0.1,WRFrain_noPGW_HPE12.mat,0.317358567358567,fraction
12,future,0.1,WRFrain_PGW_V3_HPE12.mat,0.249592999593,fraction
12,historical,1,WRFrain_noPGW_HPE12.mat,0.131969881969882,fraction
12,future,1,WRFrain_PGW_V3_HPE12.mat,0.118538868538869,fraction
12,historical,2,WRFrain_noPGW_HPE12.mat,0.0842490842490843,fraction
12,future,2,WRFrain_PGW_V3_HPE12.mat,0.0751933251933252,fraction
12,historical,5,WRFrain_noPGW_HPE12.mat,0.0331705331705332,fraction
12,future,5,WRFrain_PGW_V3_HPE12.mat,0.0349002849002849,fraction
12,historical,7.5,WRFrain_noPGW_HPE12.mat,0.0144485144485144,fraction
12,future,7.5,WRFrain_PGW_V3_HPE12.mat,0.0216727716727717,fraction
12,historical,10,WRFrain_noPGW_HPE12.mat,0.006003256003256,fraction
12,future,10,WRFrain_PGW_V3_HPE12.mat,0.0137362637362637,fraction
12,historical,20,WRFrain_noPGW_HPE12.mat,0.000305250305250305,fraction
12,future,20,WRFrain_PGW_V3_HPE12.mat,0.00264550264550265,fraction
12,historical,50,WRFrain_noPGW_HPE12.mat,0,fraction
12,future,50,WRFrain_PGW_V3_HPE12.mat,0,fraction
12,historical,60,WRFrain_noPGW_HPE12.mat,0,fraction
12,future,60,WRFrain_PGW_V3_HPE12.mat,0,fraction
12,historical,80,WRFrain_noPGW_HPE12.mat,0,fraction
12,future,80,WRFrain_PGW_V3_HPE12.mat,0,fraction
12,historical,100,WRFrain_noPGW_HPE12.mat,0,fraction
12,future,100,WRFrain_PGW_V3_HPE12.mat,0,fraction
13,historical,0.1,WRFrain_noPGW_HPE13.mat,0.0181623931623932,fraction
13,future,0.1,WRFrain_PGW_V3_HPE13.mat,0.0128205128205128,fraction
13,historical,1,WRFrain_noPGW_HPE13.mat,0.00170940170940171,fraction
13,future,1,WRFrain_PGW_V3_HPE13.mat,0.00683760683760684,fraction
13,historical,2,WRFrain_noPGW_HPE13.mat,0.000213675213675214,fraction
13,future,2,WRFrain_PGW_V3_HPE13.mat,0.00555555555555556,fraction
13,historical,5,WRFrain_noPGW_HPE13.mat,0,fraction
13,future,5,WRFrain_PGW_V3_HPE13.mat,0.00534188034188034,fraction
13,historical,7.5,WRFrain_noPGW_HPE13.mat,0,fraction
13,future,7.5,WRFrain_PGW_V3_HPE13.mat,0.00405982905982906,fraction
13,historical,10,WRFrain_noPGW_HPE13.mat,0,fraction
13,future,10,WRFrain_PGW_V3_HPE13.mat,0.00405982905982906,fraction
13,historical,20,WRFrain_noPGW_HPE13.mat,0,fraction
13,future,20,WRFrain_PGW_V3_HPE13.mat,0.00277777777777778,fraction
13,historical,50,WRFrain_noPGW_HPE13.mat,0,fraction
13,future,50,WRFrain_PGW_V3_HPE13.mat,0,fraction
13,historical,60,WRFrain_noPGW_HPE13.mat,0,fraction
13,future,60,WRFrain_PGW_V3_HPE13.mat,0,fraction
13,historical,80,WRFrain_noPGW_HPE13.mat,0,fraction
13,future,80,WRFrain_PGW_V3_HPE13.mat,0,fraction
13,historical,100,WRFrain_noPGW_HPE13.mat,0,fraction
13,future,100,WRFrain_PGW_V3_HPE13.mat,0,fraction
14,historical,0.1,WRFrain_noPGW_HPE14.mat,0.231837606837607,fraction
14,future,0.1,WRFrain_PGW_V3_HPE14.mat,0.192918192918193,fraction
14,historical,1,WRFrain_noPGW_HPE14.mat,0.120726495726496,fraction
14,future,1,WRFrain_PGW_V3_HPE14.mat,0.094017094017094,fraction
14,historical,2,WRFrain_noPGW_HPE14.mat,0.0810439560439561,fraction
14,future,2,WRFrain_PGW_V3_HPE14.mat,0.0662393162393162,fraction
14,historical,5,WRFrain_noPGW_HPE14.mat,0.0355616605616606,fraction
14,future,5,WRFrain_PGW_V3_HPE14.mat,0.0407509157509158,fraction
14,historical,7.5,WRFrain_noPGW_HPE14.mat,0.0193833943833944,fraction
14,future,7.5,WRFrain_PGW_V3_HPE14.mat,0.0308302808302808,fraction
14,historical,10,WRFrain_noPGW_HPE14.mat,0.0134310134310134,fraction
14,future,10,WRFrain_PGW_V3_HPE14.mat,0.0231990231990232,fraction
14,historical,20,WRFrain_noPGW_HPE14.mat,0.00396825396825397,fraction
14,future,20,WRFrain_PGW_V3_HPE14.mat,0.00610500610500611,fraction
14,historical,50,WRFrain_noPGW_HPE14.mat,0.000763125763125763,fraction
14,future,50,WRFrain_PGW_V3_HPE14.mat,0.000305250305250305,fraction
14,historical,60,WRFrain_noPGW_HPE14.mat,0,fraction
14,future,60,WRFrain_PGW_V3_HPE14.mat,0.000152625152625153,fraction
14,historical,80,WRFrain_noPGW_HPE14.mat,0,fraction
14,future,80,WRFrain_PGW_V3_HPE14.mat,0,fraction
14,historical,100,WRFrain_noPGW_HPE14.mat,0,fraction
14,future,100,WRFrain_PGW_V3_HPE14.mat,0,fraction
15,historical,0.1,WRFrain_noPGW_HPE15.mat,0.31990231990232,fraction
15,future,0.1,WRFrain_PGW_V3_HPE15.mat,0.316544566544567,fraction
15,historical,1,WRFrain_noPGW_HPE15.mat,0.157509157509158,fraction
15,future,1,WRFrain_PGW_V3_HPE15.mat,0.136752136752137,fraction
15,historical,2,WRFrain_noPGW_HPE15.mat,0.103785103785104,fraction
15,future,2,WRFrain_PGW_V3_HPE15.mat,0.0897435897435897,fraction
15,historical,5,WRFrain_noPGW_HPE15.mat,0.0375457875457875,fraction
15,future,5,WRFrain_PGW_V3_HPE15.mat,0.0442612942612943,fraction
15,historical,7.5,WRFrain_noPGW_HPE15.mat,0.0201465201465201,fraction
15,future,7.5,WRFrain_PGW_V3_HPE15.mat,0.0256410256410256,fraction
15,historical,10,WRFrain_noPGW_HPE15.mat,0.0119047619047619,fraction
15,future,10,WRFrain_PGW_V3_HPE15.mat,0.014957264957265,fraction
15,historical,20,WRFrain_noPGW_HPE15.mat,0.00183150183150183,fraction
15,future,20,WRFrain_PGW_V3_HPE15.mat,0.000610500610500611,fraction
15,historical,50,WRFrain_noPGW_HPE15.mat,0,fraction
15,future,50,WRFrain_PGW_V3_HPE15.mat,0,fraction
15,historical,60,WRFrain_noPGW_HPE15.mat,0,fraction
15,future,60,WRFrain_PGW_V3_HPE15.mat,0,fraction
15,historical,80,WRFrain_noPGW_HPE15.mat,0,fraction
15,future,80,WRFrain_PGW_V3_HPE15.mat,0,fraction
15,historical,100,WRFrain_noPGW_HPE15.mat,0,fraction
15,future,100,WRFrain_PGW_V3_HPE15.mat,0,fraction
16,historical,0.1,WRFrain_noPGW_HPE16.mat,0.191321499013807,fraction
16,future,0.1,WRFrain_PGW_V3_HPE16.mat,0.101084812623274,fraction
16,historical,1,WRFrain_noPGW_HPE16.mat,0.107659434582511,fraction
16,future,1,WRFrain_PGW_V3_HPE16.mat,0.0573635765943458,fraction
16,historical,2,WRFrain_noPGW_HPE16.mat,0.0818540433925049,fraction
16,future,2,WRFrain_PGW_V3_HPE16.mat,0.0432281393819855,fraction
16,historical,5,WRFrain_noPGW_HPE16.mat,0.0450361604207758,fraction
16,future,5,WRFrain_PGW_V3_HPE16.mat,0.0290927021696252,fraction
16,historical,7.5,WRFrain_noPGW_HPE16.mat,0.0264628533859303,fraction
16,future,7.5,WRFrain_PGW_V3_HPE16.mat,0.0235042735042735,fraction
16,historical,10,WRFrain_noPGW_HPE16.mat,0.0182445759368836,fraction
16,future,10,WRFrain_PGW_V3_HPE16.mat,0.019723865877712,fraction
16,historical,20,WRFrain_noPGW_HPE16.mat,0.00756081525312294,fraction
16,future,20,WRFrain_PGW_V3_HPE16.mat,0.0115055884286654,fraction
16,historical,50,WRFrain_noPGW_HPE16.mat,0,fraction
16,future,50,WRFrain_PGW_V3_HPE16.mat,0.0014792899408284,fraction
16,historical,60,WRFrain_noPGW_HPE16.mat,0,fraction
16,future,60,WRFrain_PGW_V3_HPE16.mat,0.000821827744904668,fraction
16,historical,80,WRFrain_noPGW_HPE16.mat,0,fraction
16,future,80,WRFrain_PGW_V3_HPE16.mat,0.000164365548980934,fraction
16,historical,100,WRFrain_noPGW_HPE16.mat,0,fraction
16,future,100,WRFrain_PGW_V3_HPE16.mat,0,fraction
17,historical,0.1,WRFrain_noPGW_HPE17.mat,0.179989944695827,fraction
17,future,0.1,WRFrain_PGW_V3_HPE17.mat,0.116013071895425,fraction
17,historical,1,WRFrain_noPGW_HPE17.mat,0.0815736551030669,fraction
17,future,1,WRFrain_PGW_V3_HPE17.mat,0.0471342383107089,fraction
17,historical,2,WRFrain_noPGW_HPE17.mat,0.0501508295625943,fraction
17,future,2,WRFrain_PGW_V3_HPE17.mat,0.030920060331825,fraction
17,historical,5,WRFrain_noPGW_HPE17.mat,0.0214932126696833,fraction
17,future,5,WRFrain_PGW_V3_HPE17.mat,0.0126948215183509,fraction
17,historical,7.5,WRFrain_noPGW_HPE17.mat,0.0133232780291604,fraction
17,future,7.5,WRFrain_PGW_V3_HPE17.mat,0.00716440422322775,fraction
17,historical,10,WRFrain_noPGW_HPE17.mat,0.009175465057818,fraction
17,future,10,WRFrain_PGW_V3_HPE17.mat,0.00427350427350427,fraction
17,historical,20,WRFrain_noPGW_HPE17.mat,0.0026395173453997,fraction
17,future,20,WRFrain_PGW_V3_HPE17.mat,0.00150829562594268,fraction
17,historical,50,WRFrain_noPGW_HPE17.mat,0,fraction
17,future,50,WRFrain_PGW_V3_HPE17.mat,0,fraction
17,historical,60,WRFrain_noPGW_HPE17.mat,0,fraction
17,future,60,WRFrain_PGW_V3_HPE17.mat,0,fraction
17,historical,80,WRFrain_noPGW_HPE17.mat,0,fraction
17,future,80,WRFrain_PGW_V3_HPE17.mat,0,fraction
17,historical,100,WRFrain_noPGW_HPE17.mat,0,fraction
17,future,100,WRFrain_PGW_V3_HPE17.mat,0,fraction
18,historical,0.1,WRFrain_noPGW_HPE18.mat,0.0908119658119658,fraction
18,future,0.1,WRFrain_PGW_V3_HPE18.mat,0.0486111111111111,fraction
18,historical,1,WRFrain_noPGW_HPE18.mat,0.0466524216524217,fraction
18,future,1,WRFrain_PGW_V3_HPE18.mat,0.00908119658119658,fraction
18,historical,2,WRFrain_noPGW_HPE18.mat,0.0345441595441595,fraction
18,future,2,WRFrain_PGW_V3_HPE18.mat,0.0016025641025641,fraction
18,historical,5,WRFrain_noPGW_HPE18.mat,0.0235042735042735,fraction
18,future,5,WRFrain_PGW_V3_HPE18.mat,0,fraction
18,historical,7.5,WRFrain_noPGW_HPE18.mat,0.0128205128205128,fraction
18,future,7.5,WRFrain_PGW_V3_HPE18.mat,0,fraction
18,historical,10,WRFrain_noPGW_HPE18.mat,0.00391737891737892,fraction
18,future,10,WRFrain_PGW_V3_HPE18.mat,0,fraction
18,historical,20,WRFrain_noPGW_HPE18.mat,0,fraction
18,future,20,WRFrain_PGW_V3_HPE18.mat,0,fraction
18,historical,50,WRFrain_noPGW_HPE18.mat,0,fraction
18,future,50,WRFrain_PGW_V3_HPE18.mat,0,fraction
18,historical,60,WRFrain_noPGW_HPE18.mat,0,fraction
18,future,60,WRFrain_PGW_V3_HPE18.mat,0,fraction
18,historical,80,WRFrain_noPGW_HPE18.mat,0,fraction
18,future,80,WRFrain_PGW_V3_HPE18.mat,0,fraction
18,historical,100,WRFrain_noPGW_HPE18.mat,0,fraction
18,future,100,WRFrain_PGW_V3_HPE18.mat,0,fraction
19,historical,0.1,WRFrain_noPGW_HPE19.mat,0.0944444444444444,fraction
19,future,0.1,WRFrain_PGW_V3_HPE19.mat,0.0982905982905983,fraction
19,historical,1,WRFrain_noPGW_HPE19.mat,0.0337606837606838,fraction
19,future,1,WRFrain_PGW_V3_HPE19.mat,0.0423076923076923,fraction
19,historical,2,WRFrain_noPGW_HPE19.mat,0.0136752136752137,fraction
19,future,2,WRFrain_PGW_V3_HPE19.mat,0.0341880341880342,fraction
19,historical,5,WRFrain_noPGW_HPE19.mat,0.00256410256410256,fraction
19,future,5,WRFrain_PGW_V3_HPE19.mat,0.0209401709401709,fraction
19,historical,7.5,WRFrain_noPGW_HPE19.mat,0.00128205128205128,fraction
19,future,7.5,WRFrain_PGW_V3_HPE19.mat,0.0145299145299145,fraction
19,historical,10,WRFrain_noPGW_HPE19.mat,0.00128205128205128,fraction
19,future,10,WRFrain_PGW_V3_HPE19.mat,0.00982905982905983,fraction
19,historical,20,WRFrain_noPGW_HPE19.mat,0,fraction
19,future,20,WRFrain_PGW_V3_HPE19.mat,0.00427350427350427,fraction
19,historical,50,WRFrain_noPGW_HPE19.mat,0,fraction
19,future,50,WRFrain_PGW_V3_HPE19.mat,0,fraction
19,historical,60,WRFrain_noPGW_HPE19.mat,0,fraction
19,future,60,WRFrain_PGW_V3_HPE19.mat,0,fraction
19,historical,80,WRFrain_noPGW_HPE19.mat,0,fraction
19,future,80,WRFrain_PGW_V3_HPE19.mat,0,fraction
19,historical,100,WRFrain_noPGW_HPE19.mat,0,fraction
19,future,100,WRFrain_PGW_V3_HPE19.mat,0,fraction
20,historical,0.1,WRFrain_noPGW_HPE20.mat,0,fraction
20,future,0.1,WRFrain_PGW_V3_HPE20.mat,0,fraction
20,historical,1,WRFrain_noPGW_HPE20.mat,0,fraction
20,future,1,WRFrain_PGW_V3_HPE20.mat,0,fraction
20,historical,2,WRFrain_noPGW_HPE20.mat,0,fraction
20,future,2,WRFrain_PGW_V3_HPE20.mat,0,fraction
20,historical,5,WRFrain_noPGW_HPE20.mat,0,fraction
20,future,5,WRFrain_PGW_V3_HPE20.mat,0,fraction
20,historical,7.5,WRFrain_noPGW_HPE20.mat,0,fraction
20,future,7.5,WRFrain_PGW_V3_HPE20.mat,0,fraction
20,historical,10,WRFrain_noPGW_HPE20.mat,0,fraction
20,future,10,WRFrain_PGW_V3_HPE20.mat,0,fraction
20,historical,20,WRFrain_noPGW_HPE20.mat,0,fraction
20,future,20,WRFrain_PGW_V3_HPE20.mat,0,fraction
20,historical,50,WRFrain_noPGW_HPE20.mat,0,fraction
20,future,50,WRFrain_PGW_V3_HPE20.mat,0,fraction
20,historical,60,WRFrain_noPGW_HPE20.mat,0,fraction
20,future,60,WRFrain_PGW_V3_HPE20.mat,0,fraction
20,historical,80,WRFrain_noPGW_HPE20.mat,0,fraction
20,future,80,WRFrain_PGW_V3_HPE20.mat,0,fraction
20,historical,100,WRFrain_noPGW_HPE20.mat,0,fraction
20,future,100,WRFrain_PGW_V3_HPE20.mat,0,fraction
21,historical,0.1,WRFrain_noPGW_HPE21.mat,0.00356125356125356,fraction
21,future,0.1,WRFrain_PGW_V3_HPE21.mat,0,fraction
21,historical,1,WRFrain_noPGW_HPE21.mat,0,fraction
21,future,1,WRFrain_PGW_V3_HPE21.mat,0,fraction
21,historical,2,WRFrain_noPGW_HPE21.mat,0,fraction
21,future,2,WRFrain_PGW_V3_HPE21.mat,0,fraction
21,historical,5,WRFrain_noPGW_HPE21.mat,0,fraction
21,future,5,WRFrain_PGW_V3_HPE21.mat,0,fraction
21,historical,7.5,WRFrain_noPGW_HPE21.mat,0,fraction
21,future,7.5,WRFrain_PGW_V3_HPE21.mat,0,fraction
21,historical,10,WRFrain_noPGW_HPE21.mat,0,fraction
21,future,10,WRFrain_PGW_V3_HPE21.mat,0,fraction
21,historical,20,WRFrain_noPGW_HPE21.mat,0,fraction
21,future,20,WRFrain_PGW_V3_HPE21.mat,0,fraction
21,historical,50,WRFrain_noPGW_HPE21.mat,0,fraction
21,future,50,WRFrain_PGW_V3_HPE21.mat,0,fraction
21,historical,60,WRFrain_noPGW_HPE21.mat,0,fraction
21,future,60,WRFrain_PGW_V3_HPE21.mat,0,fraction
21,historical,80,WRFrain_noPGW_HPE21.mat,0,fraction
21,future,80,WRFrain_PGW_V3_HPE21.mat,0,fraction
21,historical,100,WRFrain_noPGW_HPE21.mat,0,fraction
21,future,100,WRFrain_PGW_V3_HPE21.mat,0,fraction
22,historical,0.1,WRFrain_noPGW_HPE22.mat,0.0185185185185185,fraction
22,future,0.1,WRFrain_PGW_V3_HPE22.mat,0.00242165242165242,fraction
22,historical,1,WRFrain_noPGW_HPE22.mat,0.00555555555555556,fraction
22,future,1,WRFrain_PGW_V3_HPE22.mat,0.000284900284900285,fraction
22,historical,2,WRFrain_noPGW_HPE22.mat,0.00427350427350427,fraction
22,future,2,WRFrain_PGW_V3_HPE22.mat,0,fraction
22,historical,5,WRFrain_noPGW_HPE22.mat,0.00356125356125356,fraction
22,future,5,WRFrain_PGW_V3_HPE22.mat,0,fraction
22,historical,7.5,WRFrain_noPGW_HPE22.mat,0.00341880341880342,fraction
22,future,7.5,WRFrain_PGW_V3_HPE22.mat,0,fraction
22,historical,10,WRFrain_noPGW_HPE22.mat,0.00256410256410256,fraction
22,future,10,WRFrain_PGW_V3_HPE22.mat,0,fraction
22,historical,20,WRFrain_noPGW_HPE22.mat,0,fraction
22,future,20,WRFrain_PGW_V3_HPE22.mat,0,fraction
22,historical,50,WRFrain_noPGW_HPE22.mat,0,fraction
22,future,50,WRFrain_PGW_V3_HPE22.mat,0,fraction
22,historical,60,WRFrain_noPGW_HPE22.mat,0,fraction
22,future,60,WRFrain_PGW_V3_HPE22.mat,0,fraction
22,historical,80,WRFrain_noPGW_HPE22.mat,0,fraction
22,future,80,WRFrain_PGW_V3_HPE22.mat,0,fraction
22,historical,100,WRFrain_noPGW_HPE22.mat,0,fraction
22,future,100,WRFrain_PGW_V3_HPE22.mat,0,fraction
23,historical,0.1,WRFrain_noPGW_HPE23.mat,0.12369420702754,fraction
23,future,0.1,WRFrain_PGW_V3_HPE23.mat,0.0773979107312441,fraction
23,historical,1,WRFrain_noPGW_HPE23.mat,0.0629154795821462,fraction
23,future,1,WRFrain_PGW_V3_HPE23.mat,0.0349002849002849,fraction
23,historical,2,WRFrain_noPGW_HPE23.mat,0.0389363722697056,fraction
23,future,2,WRFrain_PGW_V3_HPE23.mat,0.0199430199430199,fraction
23,historical,5,WRFrain_noPGW_HPE23.mat,0.0161443494776828,fraction
23,future,5,WRFrain_PGW_V3_HPE23.mat,0.00925925925925926,fraction
23,historical,7.5,WRFrain_noPGW_HPE23.mat,0.0106837606837607,fraction
23,future,7.5,WRFrain_PGW_V3_HPE23.mat,0.00356125356125356,fraction
23,historical,10,WRFrain_noPGW_HPE23.mat,0.00759734093067426,fraction
23,future,10,WRFrain_PGW_V3_HPE23.mat,0.00189933523266857,fraction
23,historical,20,WRFrain_noPGW_HPE23.mat,0.00213675213675214,fraction
23,future,20,WRFrain_PGW_V3_HPE23.mat,0.000237416904083571,fraction
23,historical,50,WRFrain_noPGW_HPE23.mat,0,fraction
23,future,50,WRFrain_PGW_V3_HPE23.mat,0,fraction
23,historical,60,WRFrain_noPGW_HPE23.mat,0,fraction
23,future,60,WRFrain_PGW_V3_HPE23.mat,0,fraction
23,historical,80,WRFrain_noPGW_HPE23.mat,0,fraction
23,future,80,WRFrain_PGW_V3_HPE23.mat,0,fraction
23,historical,100,WRFrain_noPGW_HPE23.mat,0,fraction
23,future,100,WRFrain_PGW_V3_HPE23.mat,0,fraction
24,historical,0.1,WRFrain_noPGW_HPE24.mat,0.234508547008547,fraction
24,future,0.1,WRFrain_PGW_V3_HPE24.mat,0.233707264957265,fraction
24,historical,1,WRFrain_noPGW_HPE24.mat,0.101940883190883,fraction
24,future,1,WRFrain_PGW_V3_HPE24.mat,0.109241452991453,fraction
24,historical,2,WRFrain_noPGW_HPE24.mat,0.0616096866096866,fraction
24,future,2,WRFrain_PGW_V3_HPE24.mat,0.0748753561253561,fraction
24,historical,5,WRFrain_noPGW_HPE24.mat,0.0263532763532764,fraction
24,future,5,WRFrain_PGW_V3_HPE24.mat,0.0327635327635328,fraction
24,historical,7.5,WRFrain_noPGW_HPE24.mat,0.0155804843304843,fraction
24,future,7.5,WRFrain_PGW_V3_HPE24.mat,0.0227920227920228,fraction
24,historical,10,WRFrain_noPGW_HPE24.mat,0.00943732193732194,fraction
24,future,10,WRFrain_PGW_V3_HPE24.mat,0.0159366096866097,fraction
24,historical,20,WRFrain_noPGW_HPE24.mat,0.00133547008547009,fraction
24,future,20,WRFrain_PGW_V3_HPE24.mat,0.00400641025641026,fraction
24,historical,50,WRFrain_noPGW_HPE24.mat,0,fraction
24,future,50,WRFrain_PGW_V3_HPE24.mat,0.000267094017094017,fraction
24,historical,60,WRFrain_noPGW_HPE24.mat,0,fraction
24,future,60,WRFrain_PGW_V3_HPE24.mat,0,fraction
24,historical,80,WRFrain_noPGW_HPE24.mat,0,fraction
24,future,80,WRFrain_PGW_V3_HPE24.mat,0,fraction
24,historical,100,WRFrain_noPGW_HPE24.mat,0,fraction
24,future,100,WRFrain_PGW_V3_HPE24.mat,0,fraction
25,historical,0.1,WRFrain_noPGW_HPE25.mat,0.318681318681319,fraction
25,future,0.1,WRFrain_PGW_V3_HPE25.mat,0.19520757020757,fraction
25,historical,1,WRFrain_noPGW_HPE25.mat,0.185744810744811,fraction
25,future,1,WRFrain_PGW_V3_HPE25.mat,0.0924908424908425,fraction
25,historical,2,WRFrain_noPGW_HPE25.mat,0.135836385836386,fraction
25,future,2,WRFrain_PGW_V3_HPE25.mat,0.0647130647130647,fraction
25,historical,5,WRFrain_noPGW_HPE25.mat,0.0421245421245421,fraction
25,future,5,WRFrain_PGW_V3_HPE25.mat,0.0273199023199023,fraction
25,historical,7.5,WRFrain_noPGW_HPE25.mat,0.0221306471306471,fraction
25,future,7.5,WRFrain_PGW_V3_HPE25.mat,0.0135836385836386,fraction
25,historical,10,WRFrain_noPGW_HPE25.mat,0.0106837606837607,fraction
25,future,10,WRFrain_PGW_V3_HPE25.mat,0.00915750915750916,fraction
25,historical,20,WRFrain_noPGW_HPE25.mat,0.00122100122100122,fraction
25,future,20,WRFrain_PGW_V3_HPE25.mat,0.00167887667887668,fraction
25,historical,50,WRFrain_noPGW_HPE25.mat,0,fraction
25,future,50,WRFrain_PGW_V3_HPE25.mat,0,fraction
25,historical,60,WRFrain_noPGW_HPE25.mat,0,fraction
25,future,60,WRFrain_PGW_V3_HPE25.mat,0,fraction
25,historical,80,WRFrain_noPGW_HPE25.mat,0,fraction
25,future,80,WRFrain_PGW_V3_HPE25.mat,0,fraction
25,historical,100,WRFrain_noPGW_HPE25.mat,0,fraction
25,future,100,WRFrain_PGW_V3_HPE25.mat,0,fraction
26,historical,0.1,WRFrain_noPGW_HPE26.mat,0.101629273504274,fraction
26,future,0.1,WRFrain_PGW_V3_HPE26.mat,0.0669070512820513,fraction
26,historical,1,WRFrain_noPGW_HPE26.mat,0.0420673076923077,fraction
26,future,1,WRFrain_PGW_V3_HPE26.mat,0.0321848290598291,fraction
26,historical,2,WRFrain_noPGW_HPE26.mat,0.0300480769230769,fraction
26,future,2,WRFrain_PGW_V3_HPE26.mat,0.0245726495726496,fraction
26,historical,5,WRFrain_noPGW_HPE26.mat,0.0144230769230769,fraction
26,future,5,WRFrain_PGW_V3_HPE26.mat,0.014823717948718,fraction
26,historical,7.5,WRFrain_noPGW_HPE26.mat,0.0078792735042735,fraction
26,future,7.5,WRFrain_PGW_V3_HPE26.mat,0.0102831196581197,fraction
26,historical,10,WRFrain_noPGW_HPE26.mat,0.00520833333333333,fraction
26,future,10,WRFrain_PGW_V3_HPE26.mat,0.0077457264957265,fraction
26,historical,20,WRFrain_noPGW_HPE26.mat,0.000534188034188034,fraction
26,future,20,WRFrain_PGW_V3_HPE26.mat,0.00293803418803419,fraction
26,historical,50,WRFrain_noPGW_HPE26.mat,0,fraction
26,future,50,WRFrain_PGW_V3_HPE26.mat,0,fraction
26,historical,60,WRFrain_noPGW_HPE26.mat,0,fraction
26,future,60,WRFrain_PGW_V3_HPE26.mat,0,fraction
26,historical,80,WRFrain_noPGW_HPE26.mat,0,fraction
26,future,80,WRFrain_PGW_V3_HPE26.mat,0,fraction
26,historical,100,WRFrain_noPGW_HPE26.mat,0,fraction
26,future,100,WRFrain_PGW_V3_HPE26.mat,0,fraction
27,historical,0.1,WRFrain_noPGW_HPE27.mat,0.0541310541310541,fraction
27,future,0.1,WRFrain_PGW_V3_HPE27.mat,0.000213675213675214,fraction
27,historical,1,WRFrain_noPGW_HPE27.mat,0.0135327635327635,fraction
27,future,1,WRFrain_PGW_V3_HPE27.mat,0,fraction
27,historical,2,WRFrain_noPGW_HPE27.mat,0.00747863247863248,fraction
27,future,2,WRFrain_PGW_V3_HPE27.mat,0,fraction
27,historical,5,WRFrain_noPGW_HPE27.mat,0.00178062678062678,fraction
27,future,5,WRFrain_PGW_V3_HPE27.mat,0,fraction
27,historical,7.5,WRFrain_noPGW_HPE27.mat,0.000356125356125356,fraction
27,future,7.5,WRFrain_PGW_V3_HPE27.mat,0,fraction
27,historical,10,WRFrain_noPGW_HPE27.mat,0,fraction
27,future,10,WRFrain_PGW_V3_HPE27.mat,0,fraction
27,historical,20,WRFrain_noPGW_HPE27.mat,0,fraction
27,future,20,WRFrain_PGW_V3_HPE27.mat,0,fraction
27,historical,50,WRFrain_noPGW_HPE27.mat,0,fraction
27,future,50,WRFrain_PGW_V3_HPE27.mat,0,fraction
27,historical,60,WRFrain_noPGW_HPE27.mat,0,fraction
27,future,60,WRFrain_PGW_V3_HPE27.mat,0,fraction
27,historical,80,WRFrain_noPGW_HPE27.mat,0,fraction
27,future,80,WRFrain_PGW_V3_HPE27.mat,0,fraction
27,historical,100,WRFrain_noPGW_HPE27.mat,0,fraction
27,future,100,WRFrain_PGW_V3_HPE27.mat,0,fraction
28,historical,0.1,WRFrain_noPGW_HPE28.mat,0.191666666666667,fraction
28,future,0.1,WRFrain_PGW_V3_HPE28.mat,0.156196581196581,fraction
28,historical,1,WRFrain_noPGW_HPE28.mat,0.0775641025641026,fraction
28,future,1,WRFrain_PGW_V3_HPE28.mat,0.0848290598290598,fraction
28,historical,2,WRFrain_noPGW_HPE28.mat,0.057051282051282,fraction
28,future,2,WRFrain_PGW_V3_HPE28.mat,0.0634615384615385,fraction
28,historical,5,WRFrain_noPGW_HPE28.mat,0.0271367521367521,fraction
28,future,5,WRFrain_PGW_V3_HPE28.mat,0.033974358974359,fraction
28,historical,7.5,WRFrain_noPGW_HPE28.mat,0.0168803418803419,fraction
28,future,7.5,WRFrain_PGW_V3_HPE28.mat,0.0243589743589744,fraction
28,historical,10,WRFrain_noPGW_HPE28.mat,0.0108974358974359,fraction
28,future,10,WRFrain_PGW_V3_HPE28.mat,0.0188034188034188,fraction
28,historical,20,WRFrain_noPGW_HPE28.mat,0.0014957264957265,fraction
28,future,20,WRFrain_PGW_V3_HPE28.mat,0.00448717948717949,fraction
28,historical,50,WRFrain_noPGW_HPE28.mat,0,fraction
28,future,50,WRFrain_PGW_V3_HPE28.mat,0,fraction
28,historical,60,WRFrain_noPGW_HPE28.mat,0,fraction
28,future,60,WRFrain_PGW_V3_HPE28.mat,0,fraction
28,historical,80,WRFrain_noPGW_HPE28.mat,0,fraction
28,future,80,WRFrain_PGW_V3_HPE28.mat,0,fraction
28,historical,100,WRFrain_noPGW_HPE28.mat,0,fraction
28,future,100,WRFrain_PGW_V3_HPE28.mat,0,fraction
29,historical,0.1,WRFrain_noPGW_HPE29.mat,0.127136752136752,fraction
29,future,0.1,WRFrain_PGW_V3_HPE29.mat,0.0126068376068376,fraction
29,historical,1,WRFrain_noPGW_HPE29.mat,0.072008547008547,fraction
29,future,1,WRFrain_PGW_V3_HPE29.mat,0.0014957264957265,fraction
29,historical,2,WRFrain_noPGW_HPE29.mat,0.0579059829059829,fraction
29,future,2,WRFrain_PGW_V3_HPE29.mat,0,fraction
29,historical,5,WRFrain_noPGW_HPE29.mat,0.0335470085470085,fraction
29,future,5,WRFrain_PGW_V3_HPE29.mat,0,fraction
29,historical,7.5,WRFrain_noPGW_HPE29.mat,0.0239316239316239,fraction
29,future,7.5,WRFrain_PGW_V3_HPE29.mat,0,fraction
29,historical,10,WRFrain_noPGW_HPE29.mat,0.0177350427350427,fraction
29,future,10,WRFrain_PGW_V3_HPE29.mat,0,fraction
29,historical,20,WRFrain_noPGW_HPE29.mat,0.00641025641025641,fraction
29,future,20,WRFrain_PGW_V3_HPE29.mat,0,fraction
29,historical,50,WRFrain_noPGW_HPE29.mat,0,fraction
29,future,50,WRFrain_PGW_V3_HPE29.mat,0,fraction
29,historical,60,WRFrain_noPGW_HPE29.mat,0,fraction
29,future,60,WRFrain_PGW_V3_HPE29.mat,0,fraction
29,historical,80,WRFrain_noPGW_HPE29.mat,0,fraction
29,future,80,WRFrain_PGW_V3_HPE29.mat,0,fraction
29,historical,100,WRFrain_noPGW_HPE29.mat,0,fraction
29,future,100,WRFrain_PGW_V3_HPE29.mat,0,fraction
30,historical,0.1,WRFrain_noPGW_HPE30.mat,0.168269230769231,fraction
30,future,0.1,WRFrain_PGW_V3_HPE30.mat,0.131410256410256,fraction
30,historical,1,WRFrain_noPGW_HPE30.mat,0.073005698005698,fraction
30,future,1,WRFrain_PGW_V3_HPE30.mat,0.0617877492877493,fraction
30,historical,2,WRFrain_noPGW_HPE30.mat,0.0511039886039886,fraction
30,future,2,WRFrain_PGW_V3_HPE30.mat,0.0443376068376068,fraction
30,historical,5,WRFrain_noPGW_HPE30.mat,0.0288461538461538,fraction
30,future,5,WRFrain_PGW_V3_HPE30.mat,0.0274216524216524,fraction
30,historical,7.5,WRFrain_noPGW_HPE30.mat,0.0213675213675214,fraction
30,future,7.5,WRFrain_PGW_V3_HPE30.mat,0.0197649572649573,fraction
30,historical,10,WRFrain_noPGW_HPE30.mat,0.0172720797720798,fraction
30,future,10,WRFrain_PGW_V3_HPE30.mat,0.0140669515669516,fraction
30,historical,20,WRFrain_noPGW_HPE30.mat,0.00836894586894587,fraction
30,future,20,WRFrain_PGW_V3_HPE30.mat,0.00338319088319088,fraction
30,historical,50,WRFrain_noPGW_HPE30.mat,0.000178062678062678,fraction
30,future,50,WRFrain_PGW_V3_HPE30.mat,0.000178062678062678,fraction
30,historical,60,WRFrain_noPGW_HPE30.mat,0,fraction
30,future,60,WRFrain_PGW_V3_HPE30.mat,0,fraction
30,historical,80,WRFrain_noPGW_HPE30.mat,0,fraction
30,future,80,WRFrain_PGW_V3_HPE30.mat,0,fraction
30,historical,100,WRFrain_noPGW_HPE30.mat,0,fraction
30,future,100,WRFrain_PGW_V3_HPE30.mat,0,fraction
31,historical,0.1,WRFrain_noPGW_HPE31.mat,0.111912393162393,fraction
31,future,0.1,WRFrain_PGW_V3_HPE31.mat,0.0638354700854701,fraction
31,historical,1,WRFrain_noPGW_HPE31.mat,0.0507478632478632,fraction
31,future,1,WRFrain_PGW_V3_HPE31.mat,0.0347222222222222,fraction
31,historical,2,WRFrain_noPGW_HPE31.mat,0.0344551282051282,fraction
31,future,2,WRFrain_PGW_V3_HPE31.mat,0.0248397435897436,fraction
31,historical,5,WRFrain_noPGW_HPE31.mat,0.0130876068376068,fraction
31,future,5,WRFrain_PGW_V3_HPE31.mat,0.0173611111111111,fraction
31,historical,7.5,WRFrain_noPGW_HPE31.mat,0.00507478632478632,fraction
31,future,7.5,WRFrain_PGW_V3_HPE31.mat,0.00454059829059829,fraction
31,historical,10,WRFrain_noPGW_HPE31.mat,0.00213675213675214,fraction
31,future,10,WRFrain_PGW_V3_HPE31.mat,0.00106837606837607,fraction
31,historical,20,WRFrain_noPGW_HPE31.mat,0,fraction
31,future,20,WRFrain_PGW_V3_HPE31.mat,0,fraction
31,historical,50,WRFrain_noPGW_HPE31.mat,0,fraction
31,future,50,WRFrain_PGW_V3_HPE31.mat,0,fraction
31,historical,60,WRFrain_noPGW_HPE31.mat,0,fraction
31,future,60,WRFrain_PGW_V3_HPE31.mat,0,fraction
31,historical,80,WRFrain_noPGW_HPE31.mat,0,fraction
31,future,80,WRFrain_PGW_V3_HPE31.mat,0,fraction
31,historical,100,WRFrain_noPGW_HPE31.mat,0,fraction
31,future,100,WRFrain_PGW_V3_HPE31.mat,0,fraction
32,historical,0.1,WRFrain_noPGW_HPE32.mat,0.201923076923077,fraction
32,future,0.1,WRFrain_PGW_V3_HPE32.mat,0.163156288156288,fraction
32,historical,1,WRFrain_noPGW_HPE32.mat,0.107448107448107,fraction
32,future,1,WRFrain_PGW_V3_HPE32.mat,0.0666971916971917,fraction
32,historical,2,WRFrain_noPGW_HPE32.mat,0.0753968253968254,fraction
32,future,2,WRFrain_PGW_V3_HPE32.mat,0.0395299145299145,fraction
32,historical,5,WRFrain_noPGW_HPE32.mat,0.0361721611721612,fraction
32,future,5,WRFrain_PGW_V3_HPE32.mat,0.0187728937728938,fraction
32,historical,7.5,WRFrain_noPGW_HPE32.mat,0.0228937728937729,fraction
32,future,7.5,WRFrain_PGW_V3_HPE32.mat,0.012973137973138,fraction
32,historical,10,WRFrain_noPGW_HPE32.mat,0.0152625152625153,fraction
32,future,10,WRFrain_PGW_V3_HPE32.mat,0.00931013431013431,fraction
32,historical,20,WRFrain_noPGW_HPE32.mat,0.00305250305250305,fraction
32,future,20,WRFrain_PGW_V3_HPE32.mat,0.00305250305250305,fraction
32,historical,50,WRFrain_noPGW_HPE32.mat,0,fraction
32,future,50,WRFrain_PGW_V3_HPE32.mat,0.000305250305250305,fraction
32,historical,60,WRFrain_noPGW_HPE32.mat,0,fraction
32,future,60,WRFrain_PGW_V3_HPE32.mat,0,fraction
32,historical,80,WRFrain_noPGW_HPE32.mat,0,fraction
32,future,80,WRFrain_PGW_V3_HPE32.mat,0,fraction
32,historical,100,WRFrain_noPGW_HPE32.mat,0,fraction
32,future,100,WRFrain_PGW_V3_HPE32.mat,0,fraction
33,historical,0.1,WRFrain_noPGW_HPE33.mat,0.214257964257964,fraction
33,future,0.1,WRFrain_PGW_V3_HPE33.mat,0.243201243201243,fraction
33,historical,1,WRFrain_noPGW_HPE33.mat,0.108780108780109,fraction
33,future,1,WRFrain_PGW_V3_HPE33.mat,0.122183372183372,fraction
33,historical,2,WRFrain_noPGW_HPE33.mat,0.0802253302253302,fraction
33,future,2,WRFrain_PGW_V3_HPE33.mat,0.0934343434343434,fraction
33,historical,5,WRFrain_noPGW_HPE33.mat,0.053030303030303,fraction
33,future,5,WRFrain_PGW_V3_HPE33.mat,0.0522533022533023,fraction
33,historical,7.5,WRFrain_noPGW_HPE33.mat,0.0450660450660451,fraction
33,future,7.5,WRFrain_PGW_V3_HPE33.mat,0.0293317793317793,fraction
33,historical,10,WRFrain_noPGW_HPE33.mat,0.0380730380730381,fraction
33,future,10,WRFrain_PGW_V3_HPE33.mat,0.0168997668997669,fraction
33,historical,20,WRFrain_noPGW_HPE33.mat,0.0172882672882673,fraction
33,future,20,WRFrain_PGW_V3_HPE33.mat,0.00485625485625486,fraction
33,historical,50,WRFrain_noPGW_HPE33.mat,0,fraction
33,future,50,WRFrain_PGW_V3_HPE33.mat,0,fraction
33,historical,60,WRFrain_noPGW_HPE33.mat,0,fraction
33,future,60,WRFrain_PGW_V3_HPE33.mat,0,fraction
33,historical,80,WRFrain_noPGW_HPE33.mat,0,fraction
33,future,80,WRFrain_PGW_V3_HPE33.mat,0,fraction
33,historical,100,WRFrain_noPGW_HPE33.mat,0,fraction
33,future,100,WRFrain_PGW_V3_HPE33.mat,0,fraction
34,historical,0.1,WRFrain_noPGW_HPE34.mat,0.203398453398453,fraction
34,future,0.1,WRFrain_PGW_V3_HPE34.mat,0.197598697598698,fraction
34,historical,1,WRFrain_noPGW_HPE34.mat,0.114163614163614,fraction
34,future,1,WRFrain_PGW_V3_HPE34.mat,0.0937118437118437,fraction
34,historical,2,WRFrain_noPGW_HPE34.mat,0.0852665852665853,fraction
34,future,2,WRFrain_PGW_V3_HPE34.mat,0.0645095645095645,fraction
34,historical,5,WRFrain_noPGW_HPE34.mat,0.0475172975172975,fraction
34,future,5,WRFrain_PGW_V3_HPE34.mat,0.0328652828652829,fraction
34,historical,7.5,WRFrain_noPGW_HPE34.mat,0.031033781033781,fraction
34,future,7.5,WRFrain_PGW_V3_HPE34.mat,0.0224867724867725,fraction
34,historical,10,WRFrain_noPGW_HPE34.mat,0.0153642653642654,fraction
34,future,10,WRFrain_PGW_V3_HPE34.mat,0.0162800162800163,fraction
34,historical,20,WRFrain_noPGW_HPE34.mat,0.000915750915750916,fraction
34,future,20,WRFrain_PGW_V3_HPE34.mat,0.00335775335775336,fraction
34,historical,50,WRFrain_noPGW_HPE34.mat,0,fraction
34,future,50,WRFrain_PGW_V3_HPE34.mat,0,fraction
34,historical,60,WRFrain_noPGW_HPE34.mat,0,fraction
34,future,60,WRFrain_PGW_V3_HPE34.mat,0,fraction
34,historical,80,WRFrain_noPGW_HPE34.mat,0,fraction
34,future,80,WRFrain_PGW_V3_HPE34.mat,0,fraction
34,historical,100,WRFrain_noPGW_HPE34.mat,0,fraction
34,future,100,WRFrain_PGW_V3_HPE34.mat,0,fraction
35,historical,0.1,WRFrain_noPGW_HPE35.mat,0.28393665158371,fraction
35,future,0.1,WRFrain_PGW_V3_HPE35.mat,0.217194570135747,fraction
35,historical,1,WRFrain_noPGW_HPE35.mat,0.126445449974862,fraction
35,future,1,WRFrain_PGW_V3_HPE35.mat,0.0994218200100553,fraction
35,historical,2,WRFrain_noPGW_HPE35.mat,0.0762946204122675,fraction
35,future,2,WRFrain_PGW_V3_HPE35.mat,0.059577677224736,fraction
35,historical,5,WRFrain_noPGW_HPE35.mat,0.0277777777777778,fraction
35,future,5,WRFrain_PGW_V3_HPE35.mat,0.0279034690799397,fraction
35,historical,7.5,WRFrain_noPGW_HPE35.mat,0.0169683257918552,fraction
35,future,7.5,WRFrain_PGW_V3_HPE35.mat,0.0186023127199598,fraction
35,historical,10,WRFrain_noPGW_HPE35.mat,0.012569130216189,fraction
35,future,10,WRFrain_PGW_V3_HPE35.mat,0.0138260432378079,fraction
35,historical,20,WRFrain_noPGW_HPE35.mat,0.00163398692810458,fraction
35,future,20,WRFrain_PGW_V3_HPE35.mat,0.00427350427350427,fraction
35,historical,50,WRFrain_noPGW_HPE35.mat,0,fraction
35,future,50,WRFrain_PGW_V3_HPE35.mat,0,fraction
35,historical,60,WRFrain_noPGW_HPE35.mat,0,fraction
35,future,60,WRFrain_PGW_V3_HPE35.mat,0,fraction
35,historical,80,WRFrain_noPGW_HPE35.mat,0,fraction
35,future,80,WRFrain_PGW_V3_HPE35.mat,0,fraction
35,historical,100,WRFrain_noPGW_HPE35.mat,0,fraction
35,future,100,WRFrain_PGW_V3_HPE35.mat,0,fraction
36,historical,0.1,WRFrain_noPGW_HPE36.mat,0.137226970560304,fraction
36,future,0.1,WRFrain_PGW_V3_HPE36.mat,0.0916429249762583,fraction
36,historical,1,WRFrain_noPGW_HPE36.mat,0.101851851851852,fraction
36,future,1,WRFrain_PGW_V3_HPE36.mat,0.0541310541310541,fraction
36,historical,2,WRFrain_noPGW_HPE36.mat,0.0679012345679012,fraction
36,future,2,WRFrain_PGW_V3_HPE36.mat,0.0417853751187085,fraction
36,historical,5,WRFrain_noPGW_HPE36.mat,0.0202991452991453,fraction
36,future,5,WRFrain_PGW_V3_HPE36.mat,0.0185185185185185,fraction
36,historical,7.5,WRFrain_noPGW_HPE36.mat,0.0103276353276353,fraction
36,future,7.5,WRFrain_PGW_V3_HPE36.mat,0.0102089268755935,fraction
36,historical,10,WRFrain_noPGW_HPE36.mat,0.00593542260208927,fraction
36,future,10,WRFrain_PGW_V3_HPE36.mat,0.00771604938271605,fraction
36,historical,20,WRFrain_noPGW_HPE36.mat,0.000356125356125356,fraction
36,future,20,WRFrain_PGW_V3_HPE36.mat,0.00225546058879392,fraction
36,historical,50,WRFrain_noPGW_HPE36.mat,0,fraction
36,future,50,WRFrain_PGW_V3_HPE36.mat,0,fraction
36,historical,60,WRFrain_noPGW_HPE36.mat,0,fraction
36,future,60,WRFrain_PGW_V3_HPE36.mat,0,fraction
36,historical,80,WRFrain_noPGW_HPE36.mat,0,fraction
36,future,80,WRFrain_PGW_V3_HPE36.mat,0,fraction
36,historical,100,WRFrain_noPGW_HPE36.mat,0,fraction
36,future,100,WRFrain_PGW_V3_HPE36.mat,0,fraction
37,historical,0.1,WRFrain_noPGW_HPE37.mat,0.178418803418803,fraction
37,future,0.1,WRFrain_PGW_V3_HPE37.mat,0.125534188034188,fraction
37,historical,1,WRFrain_noPGW_HPE37.mat,0.0945512820512821,fraction
37,future,1,WRFrain_PGW_V3_HPE37.mat,0.0827991452991453,fraction
37,historical,2,WRFrain_noPGW_HPE37.mat,0.0603632478632479,fraction
37,future,2,WRFrain_PGW_V3_HPE37.mat,0.0507478632478633,fraction
37,historical,5,WRFrain_noPGW_HPE37.mat,0.0202991452991453,fraction
37,future,5,WRFrain_PGW_V3_HPE37.mat,0.0117521367521368,fraction
37,historical,7.5,WRFrain_noPGW_HPE37.mat,0.00961538461538462,fraction
37,future,7.5,WRFrain_PGW_V3_HPE37.mat,0.0106837606837607,fraction
37,historical,10,WRFrain_noPGW_HPE37.mat,0.00373931623931624,fraction
37,future,10,WRFrain_PGW_V3_HPE37.mat,0.00908119658119658,fraction
37,historical,20,WRFrain_noPGW_HPE37.mat,0,fraction
37,future,20,WRFrain_PGW_V3_HPE37.mat,0.000534188034188034,fraction
37,historical,50,WRFrain_noPGW_HPE37.mat,0,fraction
37,future,50,WRFrain_PGW_V3_HPE37.mat,0,fraction
37,historical,60,WRFrain_noPGW_HPE37.mat,0,fraction
37,future,60,WRFrain_PGW_V3_HPE37.mat,0,fraction
37,historical,80,WRFrain_noPGW_HPE37.mat,0,fraction
37,future,80,WRFrain_PGW_V3_HPE37.mat,0,fraction
37,historical,100,WRFrain_noPGW_HPE37.mat,0,fraction
37,future,100,WRFrain_PGW_V3_HPE37.mat,0,fraction
38,historical,0.1,WRFrain_noPGW_HPE38.mat,0.128027065527066,fraction
38,future,0.1,WRFrain_PGW_V3_HPE38.mat,0.0422008547008547,fraction
38,historical,1,WRFrain_noPGW_HPE38.mat,0.0701566951566952,fraction
38,future,1,WRFrain_PGW_V3_HPE38.mat,0.0251068376068376,fraction
38,historical,2,WRFrain_noPGW_HPE38.mat,0.0543091168091168,fraction
38,future,2,WRFrain_PGW_V3_HPE38.mat,0.0185185185185185,fraction
38,historical,5,WRFrain_noPGW_HPE38.mat,0.0242165242165242,fraction
38,future,5,WRFrain_PGW_V3_HPE38.mat,0.0089031339031339,fraction
38,historical,7.5,WRFrain_noPGW_HPE38.mat,0.0181623931623932,fraction
38,future,7.5,WRFrain_PGW_V3_HPE38.mat,0.00587606837606838,fraction
38,historical,10,WRFrain_noPGW_HPE38.mat,0.0146011396011396,fraction
38,future,10,WRFrain_PGW_V3_HPE38.mat,0.00427350427350427,fraction
38,historical,20,WRFrain_noPGW_HPE38.mat,0.00836894586894587,fraction
38,future,20,WRFrain_PGW_V3_HPE38.mat,0.00249287749287749,fraction
38,historical,50,WRFrain_noPGW_HPE38.mat,0.00089031339031339,fraction
38,future,50,WRFrain_PGW_V3_HPE38.mat,0,fraction
38,historical,60,WRFrain_noPGW_HPE38.mat,0.000356125356125356,fraction
38,future,60,WRFrain_PGW_V3_HPE38.mat,0,fraction
38,historical,80,WRFrain_noPGW_HPE38.mat,0,fraction
38,future,80,WRFrain_PGW_V3_HPE38.mat,0,fraction
38,historical,100,WRFrain_noPGW_HPE38.mat,0,fraction
38,future,100,WRFrain_PGW_V3_HPE38.mat,0,fraction
39,historical,0.1,WRFrain_noPGW_HPE39.mat,0.0550213675213675,fraction
39,future,0.1,WRFrain_PGW_V3_HPE39.mat,0,fraction
39,historical,1,WRFrain_noPGW_HPE39.mat,0.00249287749287749,fraction
39,future,1,WRFrain_PGW_V3_HPE39.mat,0,fraction
39,historical,2,WRFrain_noPGW_HPE39.mat,0,fraction
39,future,2,WRFrain_PGW_V3_HPE39.mat,0,fraction
39,historical,5,WRFrain_noPGW_HPE39.mat,0,fraction
39,future,5,WRFrain_PGW_V3_HPE39.mat,0,fraction
39,historical,7.5,WRFrain_noPGW_HPE39.mat,0,fraction
39,future,7.5,WRFrain_PGW_V3_HPE39.mat,0,fraction
39,historical,10,WRFrain_noPGW_HPE39.mat,0,fraction
39,future,10,WRFrain_PGW_V3_HPE39.mat,0,fraction
39,historical,20,WRFrain_noPGW_HPE39.mat,0,fraction
39,future,20,WRFrain_PGW_V3_HPE39.mat,0,fraction
39,historical,50,WRFrain_noPGW_HPE39.mat,0,fraction
39,future,50,WRFrain_PGW_V3_HPE39.mat,0,fraction
39,historical,60,WRFrain_noPGW_HPE39.mat,0,fraction
39,future,60,WRFrain_PGW_V3_HPE39.mat,0,fraction
39,historical,80,WRFrain_noPGW_HPE39.mat,0,fraction
39,future,80,WRFrain_PGW_V3_HPE39.mat,0,fraction
39,historical,100,WRFrain_noPGW_HPE39.mat,0,fraction
39,future,100,WRFrain_PGW_V3_HPE39.mat,0,fraction
40,historical,0.1,WRFrain_noPGW_HPE40.mat,0.0958867521367521,fraction
40,future,0.1,WRFrain_PGW_V3_HPE40.mat,0.0259081196581197,fraction
40,historical,1,WRFrain_noPGW_HPE40.mat,0.0526175213675214,fraction
40,future,1,WRFrain_PGW_V3_HPE40.mat,0.0101495726495726,fraction
40,historical,2,WRFrain_noPGW_HPE40.mat,0.0369925213675214,fraction
40,future,2,WRFrain_PGW_V3_HPE40.mat,0.00560897435897436,fraction
40,historical,5,WRFrain_noPGW_HPE40.mat,0.015224358974359,fraction
40,future,5,WRFrain_PGW_V3_HPE40.mat,0.00186965811965812,fraction
40,historical,7.5,WRFrain_noPGW_HPE40.mat,0.00948183760683761,fraction
40,future,7.5,WRFrain_PGW_V3_HPE40.mat,0.00120192307692308,fraction
40,historical,10,WRFrain_noPGW_HPE40.mat,0.00574252136752137,fraction
40,future,10,WRFrain_PGW_V3_HPE40.mat,0.000133547008547009,fraction
40,historical,20,WRFrain_noPGW_HPE40.mat,0.000534188034188034,fraction
40,future,20,WRFrain_PGW_V3_HPE40.mat,0,fraction
40,historical,50,WRFrain_noPGW_HPE40.mat,0,fraction
40,future,50,WRFrain_PGW_V3_HPE40.mat,0,fraction
40,historical,60,WRFrain_noPGW_HPE40.mat,0,fraction
40,future,60,WRFrain_PGW_V3_HPE40.mat,0,fraction
40,historical,80,WRFrain_noPGW_HPE40.mat,0,fraction
40,future,80,WRFrain_PGW_V3_HPE40.mat,0,fraction
40,historical,100,WRFrain_noPGW_HPE40.mat,0,fraction
40,future,100,WRFrain_PGW_V3_HPE40.mat,0,fraction
41,historical,0.1,WRFrain_noPGW_HPE41.mat,0.284975258659469,fraction
41,future,0.1,WRFrain_PGW_V3_HPE41.mat,0.188933873144399,fraction
41,historical,1,WRFrain_noPGW_HPE41.mat,0.153733693207377,fraction
41,future,1,WRFrain_PGW_V3_HPE41.mat,0.0880566801619433,fraction
41,historical,2,WRFrain_noPGW_HPE41.mat,0.102676563202879,fraction
41,future,2,WRFrain_PGW_V3_HPE41.mat,0.0600539811066127,fraction
41,historical,5,WRFrain_noPGW_HPE41.mat,0.0524066576698156,fraction
41,future,5,WRFrain_PGW_V3_HPE41.mat,0.0282276203328835,fraction
41,historical,7.5,WRFrain_noPGW_HPE41.mat,0.0396986054880792,fraction
41,future,7.5,WRFrain_PGW_V3_HPE41.mat,0.0167566351776878,fraction
41,historical,10,WRFrain_noPGW_HPE41.mat,0.0317139001349528,fraction
41,future,10,WRFrain_PGW_V3_HPE41.mat,0.0137201979307242,fraction
41,historical,20,WRFrain_noPGW_HPE41.mat,0.00967161493477283,fraction
41,future,20,WRFrain_PGW_V3_HPE41.mat,0.00697255960413855,fraction
41,historical,50,WRFrain_noPGW_HPE41.mat,0,fraction
41,future,50,WRFrain_PGW_V3_HPE41.mat,0.000337381916329285,fraction
41,historical,60,WRFrain_noPGW_HPE41.mat,0,fraction
41,future,60,WRFrain_PGW_V3_HPE41.mat,0,fraction
41,historical,80,WRFrain_noPGW_HPE41.mat,0,fraction
41,future,80,WRFrain_PGW_V3_HPE41.mat,0,fraction
41,historical,100,WRFrain_noPGW_HPE41.mat,0,fraction
41,future,100,WRFrain_PGW_V3_HPE41.mat,0,fraction
