,historical,historical,historical,historical,historical,historical,historical,historical,historical,historical,historical,historical,historical,historical,historical,historical,historical,historical,historical,historical,historical,historical,historical,historical,historical,historical,historical,historical,historical,historical,historical,historical,historical,historical,historical,historical,historical,historical,historical,historical,historical,historical,historical,historical,historical,future,future,future,future,future,future,future,future,future,future,future,future,future,future,future,future,future,future,future,future,future,future,future,future,future,future,future,future,future,future,future,future,future,future,future,future,future,future,future,future,future,future,future,future,future
,basin discharge,basin discharge,basin discharge,basin discharge,basin discharge,basin discharge,basin discharge,basin discharge,basin discharge,Max_Specific_Discharge,Max_Specific_Discharge,Max_Specific_Discharge,Max_Specific_Discharge,Max_Specific_Discharge,Max_Specific_Discharge,Max_Specific_Discharge,Max_Specific_Discharge,Max_Specific_Discharge,Min_Specific_Discharge,Min_Specific_Discharge,Min_Specific_Discharge,Min_Specific_Discharge,Min_Specific_Discharge,Min_Specific_Discharge,Min_Specific_Discharge,Min_Specific_Discharge,Min_Specific_Discharge,Most_Urban_S27,Most_Urban_S27,Most_Urban_S27,Most_Urban_S27,Most_Urban_S27,Most_Urban_S27,Most_Urban_S27,Most_Urban_S27,Most_Urban_S27,Least_Urban_S28,Least_Urban_S28,Least_Urban_S28,Least_Urban_S28,Least_Urban_S28,Least_Urban_S28,Least_Urban_S28,Least_Urban_S28,Least_Urban_S28,basin discharge,basin discharge,basin discharge,basin discharge,basin discharge,basin discharge,basin discharge,basin discharge,basin discharge,Max_Specific_Discharge,Max_Specific_Discharge,Max_Specific_Discharge,Max_Specific_Discharge,Max_Specific_Discharge,Max_Specific_Discharge,Max_Specific_Discharge,Max_Specific_Discharge,Max_Specific_Discharge,Min_Specific_Discharge,Min_Specific_Discharge,Min_Specific_Discharge,Min_Specific_Discharge,Min_Specific_Discharge,Min_Specific_Discharge,Min_Specific_Discharge,Min_Specific_Discharge,Min_Specific_Discharge,Most_Urban_S27,Most_Urban_S27,Most_Urban_S27,Most_Urban_S27,Most_Urban_S27,Most_Urban_S27,Most_Urban_S27,Most_Urban_S27,Most_Urban_S27,Least_Urban_S28,Least_Urban_S28,Least_Urban_S28,Least_Urban_S28,Least_Urban_S28,Least_Urban_S28,Least_Urban_S28,Least_Urban_S28,Least_Urban_S28
,total_discharge,total_discharge,total_discharge,max_discharge,max_discharge,max_discharge,runoff_coefficient,runoff_coefficient,runoff_coefficient,max_discharge,max_discharge,max_discharge,total_discharge,total_discharge,total_discharge,runoff_coefficient,runoff_coefficient,runoff_coefficient,max_discharge,max_discharge,max_discharge,total_discharge,total_discharge,total_discharge,runoff_coefficient,runoff_coefficient,runoff_coefficient,max_discharge,max_discharge,max_discharge,total_discharge,total_discharge,total_discharge,runoff_coefficient,runoff_coefficient,runoff_coefficient,max_discharge,max_discharge,max_discharge,total_discharge,total_discharge,total_discharge,runoff_coefficient,runoff_coefficient,runoff_coefficient,total_discharge,total_discharge,total_discharge,max_discharge,max_discharge,max_discharge,runoff_coefficient,runoff_coefficient,runoff_coefficient,max_discharge,max_discharge,max_discharge,total_discharge,total_discharge,total_discharge,runoff_coefficient,runoff_coefficient,runoff_coefficient,max_discharge,max_discharge,max_discharge,total_discharge,total_discharge,total_discharge,runoff_coefficient,runoff_coefficient,runoff_coefficient,max_discharge,max_discharge,max_discharge,total_discharge,total_discharge,total_discharge,runoff_coefficient,runoff_coefficient,runoff_coefficient,max_discharge,max_discharge,max_discharge,total_discharge,total_discharge,total_discharge,runoff_coefficient,runoff_coefficient,runoff_coefficient
,max,min,median,max,min,median,max,min,median,max,min,median,max,min,median,max,min,median,max,min,median,max,min,median,max,min,median,max,min,median,max,min,median,max,min,median,max,min,median,max,min,median,max,min,median,max,min,median,max,min,median,max,min,median,max,min,median,max,min,median,max,min,median,max,min,median,max,min,median,max,min,median,max,min,median,max,min,median,max,min,median,max,min,median,max,min,median,max,min,median
"('event_num', '', '')",,,,,,,,,,,,,,,,,,,,,,,,,,,,,,,,,,,,,,,,,,,,,,,,,,,,,,,,,,,,,,,,,,,,,,,,,,,,,,,,,,,,,,,,,,
01,222421.07573322562,74766.2465731605,142536.2906335948,19.208223342895508,3.4890856742858887,8.791622161865234,0.47606551564596405,0.2527510948683953,0.3937509947631645,2.05,0.21,0.64,15031.22,2040.15,4231.1,0.672,0.37,0.55,0.43,0.0,0.02,5118.19,35.72,103.40000000000002,0.075,0.009,0.018,2.51,0.4,1.03,20327.8,5945.0,13046.2,0.667,0.357,0.554,0.05,0.0,0.02,171.08,35.72,97.76,0.024,0.009,0.018,313490.2032902321,129887.7352297951,203580.94418814994,66.60760498046875,10.464733123779297,31.717647552490234,0.5455432682478557,0.38115243473135935,0.4784369536683684,9.59,0.67,2.09,26021.29,2933.28,6339.54,0.817,0.54,0.703,1.88,0.02,0.07,5525.52,71.44,146.64,0.103,0.016,0.025,12.0,1.36,3.15,32726.199999999997,10356.6,17662.8,0.8,0.531,0.687,0.24,0.02,0.07,293.28,71.44,146.64,0.03,0.016,0.024
02,2355686.5339798033,1019847.4390344025,1648168.6882683025,52.2508544921875,17.12921142578125,34.02911376953125,0.7451369536356558,0.6256693611597938,0.6985944768605443,6.29,0.65,2.36,150377.23,14912.8,42133.52,0.91,0.659,0.803,4.81,0.02,0.09,139182.89,688.08,2475.96,0.326,0.031,0.075,6.87,1.38,3.74,174971.6,79597.4,126280.0,0.907,0.806,0.875,0.62,0.02,0.09,8732.6,688.08,2475.96,0.199,0.031,0.075,1578766.965220728,935685.5781297772,1365743.6271421565,50.12654113769531,24.348791122436523,40.610557556152344,0.7053881481679856,0.6321339216959264,0.6757318460405912,4.45,0.93,2.41,74403.64,16424.8,37761.62,0.892,0.566,0.871,0.11,0.03,0.07,2588.76,633.56,956.92,0.079,0.031,0.034,6.53,2.07,4.57,126550.60000000002,71996.0,107846.40000000001,0.889,0.814,0.873,0.11,0.03,0.07,2588.76,633.56,956.92,0.079,0.031,0.034
03,622739.2632497171,303345.19091763103,427661.29178408155,68.56488037109375,32.281246185302734,46.7836799621582,0.6167663763958827,0.5029392170561173,0.5812111630718517,10.15,1.07,3.44,42853.2,5900.339999999999,13530.66,0.905,0.445,0.84,0.16,0.04,0.08,558.36,172.96,330.88,0.034,0.026,0.031,13.13,3.04,6.58,66649.6,21836.6,40048.8,0.913,0.744,0.849,0.16,0.04,0.08,558.36,172.96,330.88,0.034,0.026,0.031,372054.1264398449,109272.81143124701,174389.7836246897,68.73783874511719,11.92719841003418,31.657325744628906,0.5817991974466052,0.39597469965199394,0.4829197645727636,20.05,0.71,2.09,37949.65,1967.94,5109.8,0.872,0.527,0.7,2.04,0.02,0.07,3382.61,54.519999999999996,125.96000000000001,0.077,0.016,0.024,13.9,1.14,3.62,36768.8,9315.2,15063.4,0.858,0.579,0.702,0.22,0.02,0.06,312.08,54.519999999999996,114.68,0.032,0.016,0.023
04,2747120.9313838347,1704264.0796008403,2051020.4316967488,62.19693374633789,34.7744026184082,46.07609558105469,0.7601333770865941,0.6811424429306482,0.7041985528191653,11.69,1.5,2.75,190519.32,26245.8,46901.7,0.917,0.686,0.899,4.66,0.04,0.29,176427.02,1030.24,9499.64,0.356,0.033,0.182,9.19,3.05,5.45,197160.8,122942.6,164647.8,0.919,0.87,0.901,0.78,0.04,0.28,10746.08,1030.24,4173.6,0.222,0.033,0.103,2802392.751368461,1855352.1825439227,2601499.0913855145,61.9422492980957,36.76560974121094,49.96175003051758,0.7520303834196104,0.7045461329426498,0.7301288477884981,13.4,1.75,3.45,221631.53,31080.0,67020.44,0.941,0.698,0.921,6.03,0.23,0.46,210695.87,3959.2799999999997,13188.200000000003,0.402,0.109,0.259,11.05,3.28,6.92,223933.79999999996,140810.4,201867.6,0.933,0.889,0.925,0.73,0.23,0.43,14917.799999999997,3959.2799999999997,12246.32,0.279,0.109,0.247
05,2.2419131318947905,0.0,0.1628993283944169,3.495268538245e-05,0.0,4.2156998460995965e-06,0.015342040029175684,0.0,0.000876841116980987,0.0,0.0,0.0,0.0,0.0,0.0,0.001,0.0,0.001,0.0,0.0,0.0,0.0,0.0,0.0,0.001,0.0,0.001,0.0,0.0,0.0,0.0,0.0,0.0,0.001,0.0,0.001,0.0,0.0,0.0,0.0,0.0,0.0,0.001,0.0,0.0,4.032132675891376,0.027817395584861515,0.22816424043128336,6.90869492245838e-05,6.272435371101892e-07,4.2250881051586475e-06,0.006897469176552153,0.00012029376375528538,0.000537543709855153,0.0,0.0,0.0,0.0,0.0,0.0,0.001,0.0,0.001,0.0,0.0,0.0,0.0,0.0,0.0,0.001,0.0,0.001,0.0,0.0,0.0,0.0,0.0,0.0,0.004,0.0,0.0,0.0,0.0,0.0,0.0,0.0,0.0,0.001,0.0,0.0
06,1.993658624317618,0.0,0.048083692308864556,2.770047285594046e-05,0.0,4.217356035951525e-06,0.1902447482042428,0.0,0.0002920730895177884,0.0,0.0,0.0,0.0,0.0,0.0,0.001,0.0,0.0,0.0,0.0,0.0,0.0,0.0,0.0,0.001,0.0,0.0,0.0,0.0,0.0,0.0,0.0,0.0,0.002,0.0,0.0,0.0,0.0,0.0,0.0,0.0,0.0,0.001,0.0,0.0,410.5499256620533,0.007584602462884504,0.10311224600343394,0.04111972823739052,4.5015104888079804e-07,4.231438197166426e-06,0.06202237865387474,2.0473730360007504e-05,0.0005451679228697981,0.02,0.0,0.0,29.0,0.0,0.0,0.209,0.0,0.001,0.0,0.0,0.0,0.0,0.0,0.0,0.014,0.0,0.001,0.01,0.0,0.0,16.4,0.0,0.0,0.063,0.0,0.001,0.0,0.0,0.0,0.0,0.0,0.0,0.007,0.0,0.001
07,114304.3352752247,14873.967610915155,41910.05630515677,21.892759323120117,1.1674251556396484,4.9048285484313965,0.43841206651662323,0.20700099867395622,0.28506308869737373,4.16,0.11,0.39,12297.21,344.4,1383.3,0.629,0.233,0.411,0.23,0.0,0.01,779.24,7.52,22.56,0.055,0.009,0.01,3.72,0.13,0.52,11291.4,1205.4,3854.0,0.607,0.312,0.43,0.06,0.0,0.01,80.84,7.52,20.68,0.019,0.009,0.01,290933.3707921892,87855.18352845265,153852.21484934536,30.70020294189453,5.34126615524292,15.488016128540039,0.5587014262648514,0.3207305656151472,0.4406830563425886,5.32,0.38,1.09,18812.25,1804.3799999999997,4677.84,0.772,0.406,0.649,0.41,0.01,0.03,3665.9699999999993,31.960000000000004,109.03999999999999,0.08,0.01,0.021,6.73,0.5,1.48,26477.8,6133.6,13259.400000000001,0.755,0.436,0.617,0.11,0.01,0.03,233.12,31.960000000000004,105.28000000000002,0.028,0.01,0.02
08,475141.07653186074,118460.86062558388,294374.9866780083,65.8700180053711,5.898797512054443,27.392635345458984,0.5732572320112119,0.29927221211778815,0.4857116845126886,16.46,0.68,2.61,61222.350000000006,3047.16,9412.64,0.849,0.474,0.682,1.42,0.01,0.06,7579.88,47.0,229.36,0.134,0.01,0.025,17.74,0.54,2.91,55021.99999999999,7486.600000000001,24977.2,0.826,0.373,0.675,0.28,0.01,0.06,445.56,47.0,201.16,0.031,0.01,0.024,356829.0857071205,43211.356853702135,67266.58323763192,64.46218872070312,2.6180830001831055,7.616551399230957,0.5522894299437011,0.2556913131112363,0.2962412826703476,6.72,0.2,1.1,19909.6,934.6500000000001,3008.94,0.861,0.223,0.46,1.34,0.0,0.01,3807.65,20.68,35.72,0.072,0.01,0.011,14.26,0.27,1.08,44247.2,3460.4,6527.2,0.846,0.364,0.445,0.16,0.0,0.01,377.87999999999994,20.68,35.72,0.031,0.01,0.011
09,855107.8578744131,474577.94467760064,635564.5646830536,48.484310150146484,25.189477920532227,35.15367889404297,0.6452526543474189,0.5866126127974711,0.6206704047957213,7.48,0.99,2.35,57451.44,9336.84,16208.64,0.851,0.789,0.82,0.11,0.03,0.06,674.92,306.44,468.12000000000006,0.032,0.029,0.031,6.32,1.99,3.72,69257.2,35506.0,53431.2,0.845,0.772,0.82,0.11,0.03,0.06,674.92,306.44,468.12000000000006,0.032,0.029,0.031,696887.8546789202,187686.85524638073,379949.84909957787,57.31520080566406,9.445542335510254,34.63145446777344,0.6308469399780007,0.4624923344325561,0.5567275058804771,8.54,0.52,2.75,50639.79,5192.64,10999.799999999997,0.867,0.652,0.781,0.87,0.01,0.07,6906.9,110.92,265.08,0.088,0.021,0.028,12.0,0.79,3.83,63049.8,13333.200000000003,30438.399999999998,0.864,0.611,0.756,0.17,0.01,0.07,562.12,110.92,265.08,0.033,0.021,0.028
10,1309151.7110194946,647144.9334498153,951346.8563948333,63.98876953125,24.073808670043945,38.97860336303711,0.6647545139872116,0.586714772659598,0.6378107821604765,11.28,1.13,2.7,118814.42999999998,12922.290000000003,31088.49,0.879,0.488,0.797,1.02,0.03,0.07,17001.6,453.08,705.0,0.105,0.029,0.033,10.62,2.28,4.64,114217.8,51127.0,79802.4,0.881,0.772,0.842,0.11,0.03,0.07,1054.68,453.08,697.48,0.036,0.029,0.032,1266586.7697899058,800050.9394527231,1128062.2068787578,60.121177673339844,36.8516960144043,47.07159423828125,0.6809567357957123,0.6060482843974548,0.6505928603183089,11.06,1.47,3.57,118558.98,10731.0,32033.4,0.899,0.603,0.861,0.15,0.06,0.08,955.04,530.16,819.6800000000001,0.035,0.031,0.034,9.78,3.85,6.26,108830.4,61278.6,92094.2,0.893,0.818,0.87,0.15,0.06,0.08,955.04,530.16,819.6800000000001,0.035,0.031,0.034
11,288857.3931896383,72078.67705506098,170211.9851745057,35.51603698730469,3.679813861846924,13.518289566040039,0.5348893590828061,0.29968369567239905,0.42342689651270327,3.67,0.16,1.06,17646.4,1171.8,5459.16,0.724,0.432,0.626,0.54,0.01,0.02,3860.7800000000007,37.6,110.92,0.075,0.01,0.019,4.45,0.37,1.4,26010.4,6715.8,13981.0,0.728,0.429,0.595,0.07,0.01,0.02,219.96,37.6,101.52,0.026,0.01,0.018,44433.81543977048,11504.403808151255,22928.828088082264,11.901663780212402,1.1673402786254883,2.94071102142334,0.3661003654745151,0.21593658910949726,0.27798299765673523,5.4,0.09,0.45,10671.06,262.74,1132.84,0.614,0.244,0.432,0.13,0.0,0.0,404.4,5.64,16.92,0.165,0.008,0.01,2.68,0.14,0.43,5772.8,861.0,2386.2,0.509,0.278,0.405,0.02,0.0,0.01,26.320000000000004,5.64,11.28,0.011,0.008,0.01
12,826873.5616874411,361293.80366958043,587884.9226534229,47.533477783203125,16.77791976928711,30.186038970947266,0.6180559317070643,0.4746057440260408,0.5581382597369305,8.34,0.42,1.53,61676.31,6661.2,16318.8,0.82,0.487,0.709,0.08,0.02,0.04,624.16,242.52,449.32,0.031,0.023,0.028,6.46,1.43,2.86,72578.2,28486.8,51127.0,0.816,0.639,0.761,0.08,0.02,0.04,624.16,242.52,449.32,0.031,0.023,0.028,1317339.6518496075,563835.8312241425,676366.6764045861,56.273441314697266,15.907740592956543,31.482398986816406,0.69389553824778,0.6038914249307554,0.6269537911552612,5.32,0.76,1.95,66370.51,8086.4,17592.04,0.904,0.674,0.826,0.1,0.03,0.06,1511.5199999999998,376.0,509.48,0.053,0.029,0.031,7.09,1.7,3.14,110085.0,44337.4,56858.8,0.902,0.784,0.824,0.1,0.03,0.06,1511.5199999999998,376.0,509.48,0.053,0.029,0.031
13,24180.964653310588,1081.8496898062222,7910.174953055684,10.22117805480957,0.05714123696088791,1.4058488607406616,0.40976833976287,0.09398612801759659,0.24147285941288044,1.46,0.02,0.25,1697.3999999999999,13.68,355.77,0.583,0.053,0.393,0.09,0.0,0.0,247.94000000000003,0.0,5.64,0.166,0.002,0.017,2.13,0.01,0.16,3394.7999999999997,24.6,721.6,0.552,0.056,0.351,0.03,0.0,0.0,16.92,0.0,5.64,0.012,0.004,0.01,36859.43035584522,50.436270997215615,3831.3774396832487,16.432008743286133,0.002587713301181793,0.8042200803756714,0.41028026508580745,0.0234829903813356,0.23401788023907819,3.37,0.01,0.23,5124.57,6.08,392.43,0.587,0.02,0.438,0.08,0.0,0.0,123.97000000000001,0.0,3.59,0.11,0.001,0.012,3.38,0.0,0.14,4633.0,0.0,401.8,0.562,0.002,0.315,0.03,0.0,0.0,20.68,0.0,1.88,0.012,0.001,0.01
14,654798.612502562,366225.18432256446,490989.41487364064,40.6186408996582,13.86499309539795,30.5415096282959,0.6151061098335525,0.5173925350974976,0.5722295531986434,4.34,0.98,2.16,22964.879999999997,5286.4,11789.28,0.842,0.634,0.766,0.11,0.04,0.06,503.84000000000003,223.72,338.4,0.032,0.025,0.028,6.35,1.7,3.49,58736.59999999999,28060.4,40508.0,0.825,0.688,0.764,0.11,0.04,0.06,503.84000000000003,223.72,338.4,0.032,0.025,0.028,459199.53003138007,85101.61373837703,259336.25949977184,69.08985900878906,4.035264492034912,19.700664520263672,0.5663803499743774,0.27438428209678734,0.46762172078208986,10.28,0.65,1.8,43176.48,2686.56,7229.7,0.832,0.405,0.614,0.84,0.01,0.05,4834.83,35.72,191.76,0.07,0.01,0.024,17.45,0.4,2.22,46961.4,5838.4,22205.6,0.825,0.374,0.648,0.23,0.01,0.04,379.76,35.72,167.32,0.03,0.01,0.022
15,355576.50673815503,160707.75849141486,224769.42948815384,36.557586669921875,5.192927837371826,17.433019638061523,0.5679154984887838,0.42365081108309105,0.4922473038143528,4.69,0.36,0.98,24999.39,3045.0,5849.28,0.792,0.461,0.671,0.27,0.01,0.03,3612.84,95.88,150.4,0.069,0.019,0.024,4.62,0.67,1.56,30372.8,13218.4,19302.8,0.777,0.583,0.681,0.07,0.01,0.03,244.4,95.88,150.4,0.028,0.019,0.024,320249.8818947737,50769.43408087827,204101.48458684294,22.344051361083984,1.9919742345809937,9.944225311279297,0.5501828834752529,0.24786700703804881,0.46958854157552143,2.73,0.18,0.78,12429.06,1136.16,5175.36,0.75,0.353,0.648,0.28,0.0,0.03,1505.35,28.2,165.44,0.04,0.01,0.025,2.86,0.3,1.2,25461.0,4657.6,16834.6,0.733,0.379,0.637,0.06,0.0,0.03,214.31999999999996,26.320000000000004,139.12,0.027,0.01,0.023
16,582517.5464375752,248956.9962694055,400829.42321903305,60.12886047363281,13.399880409240723,24.377914428710938,0.6489673264137236,0.4921714952991683,0.591859102224652,12.75,0.85,1.92,59836.89,4797.87,10774.08,0.861,0.604,0.79,1.29,0.02,0.05,10537.45,148.52,283.88,0.104,0.023,0.029,9.57,1.52,2.85,55292.600000000006,18277.8,33349.4,0.87,0.652,0.787,0.14,0.02,0.05,483.15999999999997,148.52,278.24,0.033,0.023,0.029,426206.99528371333,160136.94584259854,251249.23584055505,62.318485260009766,16.85291862487793,34.81454086303711,0.5979977234528306,0.4385674208281905,0.5224185586078652,13.14,1.28,2.81,47592.67,4270.32,8714.88,0.834,0.606,0.782,0.93,0.02,0.07,4710.86,86.48,193.64,0.082,0.019,0.027,9.8,1.47,4.09,39368.2,11922.8,20975.6,0.828,0.596,0.736,0.13,0.02,0.07,351.56,86.48,165.44,0.031,0.019,0.025
17,556556.9168824092,199644.01253727835,383063.10392255045,54.663211822509766,11.668756484985352,27.020532608032227,0.6281492330372237,0.459532121041893,0.5536164764650999,7.91,0.65,1.54,53176.99999999999,4083.78,8852.04,0.854,0.614,0.758,0.14,0.02,0.05,473.76,125.96000000000001,272.6,0.032,0.021,0.028,8.73,0.95,2.99,53341.0,15973.6,32332.6,0.841,0.611,0.759,0.14,0.02,0.05,473.76,125.96000000000001,272.6,0.032,0.021,0.028,337654.4736515365,21555.277310779547,101582.78028089284,35.31315231323242,1.2557471990585327,10.692158699035645,0.5426729712567945,0.1808656493007107,0.3324043728076799,3.44,0.17,0.84,18529.32,546.72,3734.64,0.744,0.31,0.56,0.27,0.0,0.02,1593.9,11.28,84.6,0.046,0.009,0.017,4.98,0.08,1.06,28757.4,1410.4,9405.4,0.717,0.227,0.508,0.11,0.0,0.02,265.08,11.28,52.64000000000001,0.028,0.009,0.013
18,91491.09602631361,50565.082704645465,71886.31438617886,21.665212631225586,11.658170700073242,17.680479049682617,0.41036659657955854,0.3207885923789619,0.35616999683905753,2.65,0.67,1.24,4820.24,1113.54,1824.1,0.631,0.448,0.521,0.05,0.02,0.02,58.28,20.68,31.960000000000004,0.016,0.011,0.012,2.8,1.2,1.8,9028.2,4059.0,6084.4,0.582,0.492,0.53,0.05,0.02,0.02,58.28,20.68,31.960000000000004,0.016,0.011,0.012,36285.051771151484,4293.765492343664,13702.841515114415,8.986285209655762,0.46420004963874817,2.9586009979248047,0.3695919547516612,0.16591756818791895,0.2824302036071656,2.27,0.09,0.37,3864.64,130.2,526.62,0.541,0.228,0.438,0.17,0.0,0.01,425.04,1.88,11.28,0.065,0.008,0.011,1.52,0.04,0.31,3927.8,155.8,1172.6,0.539,0.135,0.414,0.02,0.0,0.01,20.68,1.88,7.52,0.012,0.008,0.011
19,136697.76547348592,11397.705528527149,61888.99798812345,46.551631927490234,2.4723708629608154,17.521026611328125,0.4383935939406148,0.21355090309552235,0.33820637386631036,4.88,0.29,1.55,4683.5,371.2,1853.1,0.657,0.226,0.47,1.59,0.0,0.03,2213.75,3.76,31.960000000000004,0.059,0.009,0.011,7.01,0.21,2.65,13128.200000000003,656.0,5518.6,0.667,0.303,0.516,0.17,0.0,0.03,109.03999999999999,3.76,28.2,0.024,0.009,0.011,96814.97827517669,14442.86445978214,55375.50000480842,44.37297821044922,1.336931586265564,8.676753997802734,0.39984683310017005,0.21861601532478836,0.317060937083532,18.23,0.13,0.82,17474.49,546.26,2002.0,0.74,0.218,0.449,0.68,0.0,0.01,938.63,5.64,33.84,0.081,0.009,0.011,8.99,0.14,1.02,12291.8,885.6000000000001,5141.4,0.682,0.285,0.485,0.27,0.0,0.01,129.72,5.64,28.2,0.026,0.009,0.011
20,0.7733565779659557,0.0,0.0,1.4355240637087263e-05,0.0,0.0,0.006155468117206348,0.0,0.0,0.0,0.0,0.0,0.0,0.0,0.0,0.001,0.0,0.0,0.0,0.0,0.0,0.0,0.0,0.0,0.001,0.0,0.0,0.0,0.0,0.0,0.0,0.0,0.0,0.001,0.0,0.0,0.0,0.0,0.0,0.0,0.0,0.0,0.0,0.0,0.0,0.0,0.0,0.0,0.0,0.0,0.0,0.0,0.0,0.0,0.0,0.0,0.0,0.0,0.0,0.0,0.0,0.0,0.0,0.0,0.0,0.0,0.0,0.0,0.0,0.0,0.0,0.0,0.0,0.0,0.0,0.0,0.0,0.0,0.0,0.0,0.0,0.0,0.0,0.0,0.0,0.0,0.0,0.0,0.0,0.0
21,3226.7639218100157,0.0,22.887951683225083,0.7165522575378418,0.0,0.000968133972492069,0.3033650597045863,0.0,0.02091855484518607,0.47,0.0,0.01,1054.8,0.0,6.08,0.507,0.0,0.058,0.0,0.0,0.0,6.03,0.0,0.0,0.133,0.0,0.003,0.29,0.0,0.0,664.2,0.0,0.0,0.424,0.0,0.006,0.01,0.0,0.0,3.76,0.0,0.0,0.012,0.0,0.002,1081.5345206137863,0.8618419375579833,31.140595977831254,0.20004241168498993,1.3948264495411422e-05,0.0009501235326752067,0.1974905843830272,0.0014898203883208262,0.02249937985139279,0.08,0.0,0.01,98.6,0.0,4.56,0.367,0.002,0.053,0.0,0.0,0.0,5.8,0.0,0.0,0.128,0.002,0.008,0.04,0.0,0.0,98.4,0.0,0.0,0.213,0.002,0.013,0.0,0.0,0.0,1.88,0.0,0.0,0.011,0.001,0.005
22,44018.948410241275,6415.981958251305,12756.779976493674,14.703998565673828,1.4899464845657349,3.722903251647949,0.3707269847569321,0.21974998937375445,0.2884748278994072,1.76,0.11,0.35,4254.82,229.13999999999996,550.8,0.531,0.369,0.436,0.09,0.0,0.01,212.52,1.88,9.4,0.057,0.009,0.011,1.49,0.09,0.48,4280.4,360.8,1295.6,0.524,0.299,0.433,0.01,0.0,0.01,22.56,1.88,7.52,0.011,0.009,0.011,8284.004568607892,0.040224589240267505,892.6541960088343,2.154226303100586,9.448469882045174e-07,0.08941547572612762,0.33467610650715224,5.80383474229792e-05,0.10889009611392884,0.47,0.0,0.06,1068.35,0.0,107.3,0.493,0.001,0.29,0.0,0.0,0.0,9.29,0.0,0.0,0.077,0.001,0.014,0.4,0.0,0.01,1057.8,0.0,8.2,0.418,0.0,0.04,0.01,0.0,0.0,5.64,0.0,0.0,0.011,0.0,0.007
23,142292.7321642157,41135.557124909246,72640.32237764387,32.318931579589844,3.4106814861297607,6.252014636993408,0.4235180333886008,0.27224649052459293,0.30565518175909445,6.03,0.19,0.51,15421.400000000001,898.56,1857.09,0.63,0.25,0.431,0.32,0.01,0.01,1204.28,20.68,35.72,0.035,0.01,0.011,3.91,0.41,0.73,14727.2,3501.3999999999996,6322.2,0.626,0.398,0.458,0.08,0.01,0.01,109.03999999999999,20.68,35.72,0.02,0.01,0.011,124467.31102471385,18011.388277258084,37097.00199049548,15.462346076965332,1.0861436128616333,4.105350017547607,0.4033212095108104,0.20702333055344727,0.2647238167958971,1.48,0.15,0.58,6034.32,460.46,1517.19,0.567,0.209,0.425,0.21,0.0,0.01,1044.89,9.4,22.56,0.033,0.009,0.011,1.88,0.09,0.62,12718.2,1098.8,3444.0,0.584,0.263,0.4,0.04,0.0,0.01,88.36,9.4,20.68,0.018,0.009,0.01
24,801840.4985007949,441092.1205777613,556701.4205277781,50.7468147277832,19.221153259277344,29.424863815307617,0.604658070080443,0.5178832612318103,0.5551046647435376,9.66,0.86,1.66,83080.47,7569.0,14041.12,0.811,0.671,0.726,0.95,0.03,0.04,14858.690000000002,293.28,385.3999999999999,0.096,0.025,0.027,8.34,1.98,2.9,79261.2,36440.8,46010.2,0.82,0.696,0.737,0.13,0.03,0.04,686.2,293.28,385.3999999999999,0.031,0.025,0.027,891638.0063766345,620917.4489868651,820233.7013543337,61.75484848022461,25.673776626586914,38.5463752746582,0.6290285641038492,0.5334042712394347,0.5890752865122795,9.06,1.17,3.14,80595.51,10385.200000000003,23244.3,0.858,0.494,0.785,1.22,0.04,0.08,15035.79,398.56,592.2,0.097,0.027,0.03,10.77,2.2,5.0,85370.2,46863.0,68543.8,0.853,0.734,0.804,0.13,0.04,0.08,738.84,398.56,592.2,0.032,0.027,0.03
25,660757.4135415432,514262.001352798,599897.3576307879,41.486385345458984,13.796546936035156,24.382831573486328,0.6390020365608686,0.5941975800373226,0.6205521902807661,3.6,0.56,1.29,26458.799999999996,7789.6,13942.06,0.827,0.44,0.808,0.53,0.02,0.04,11670.89,332.76,413.6000000000001,0.1,0.029,0.03,4.86,1.08,2.26,54341.4,40040.6,48265.2,0.835,0.78,0.813,0.08,0.02,0.04,473.76,332.76,413.6000000000001,0.031,0.029,0.03,462016.83786829596,129118.45376422023,313561.71959456947,47.946815490722656,6.989847660064697,21.477832794189453,0.5968854512994187,0.36080823299701825,0.5292989915987117,5.76,0.49,1.57,33243.78,2181.96,8100.0,0.789,0.476,0.722,0.74,0.01,0.04,4108.719999999999,73.32,219.96,0.103,0.015,0.026,6.7,0.71,2.51,40171.8,11529.2,26043.2,0.792,0.524,0.715,0.13,0.01,0.04,340.28,73.32,204.92000000000002,0.03,0.015,0.026
26,208607.46248735694,53429.54790984987,118236.24020182806,32.387821197509766,2.8783321380615234,7.331667900085449,0.4340850943907251,0.2498688840009414,0.33447423641049207,7.54,0.27,0.86,25055.13,1015.05,3909.78,0.679,0.362,0.523,0.42,0.01,0.02,2851.31,26.320000000000004,71.44,0.05,0.01,0.014,4.11,0.29,1.04,26117.0,4526.4,10020.4,0.686,0.373,0.466,0.1,0.01,0.02,244.4,26.320000000000004,63.92000000000001,0.025,0.01,0.013,218158.2702902047,26954.685192207875,85120.45847464478,32.662315368652344,1.967664361000061,7.690061569213867,0.48770508629572035,0.2559042386508162,0.33484238998739746,4.74,0.18,0.66,15402.819999999998,614.22,3093.72,0.664,0.387,0.482,0.23,0.0,0.01,903.21,13.160000000000002,39.48,0.057,0.01,0.011,3.79,0.23,0.83,19975.2,2328.8,6371.4,0.707,0.391,0.492,0.08,0.0,0.01,146.64,13.160000000000002,33.84,0.024,0.01,0.011
27,22213.47671347521,590.1078692347483,9606.20170284821,4.087541580200195,0.04814964905381203,1.8686631917953491,0.29817552683760734,0.05422108220827915,0.23580223792342617,0.45,0.01,0.2,1635.04,7.6,333.5,0.492,0.042,0.383,0.09,0.0,0.0,265.65,1.88,7.52,0.1,0.009,0.011,0.7,0.01,0.21,2435.4,24.6,902.0000000000001,0.462,0.044,0.344,0.01,0.0,0.0,13.160000000000002,0.0,5.64,0.011,0.006,0.01,159.43138499551424,0.0,0.13914607961851289,0.005792619660496712,0.0,4.224814347253414e-06,0.11625841547041646,0.0,0.0025882332084757246,0.01,0.0,0.0,9.29,0.0,0.0,0.124,0.0,0.001,0.0,0.0,0.0,0.0,0.0,0.0,0.013,0.0,0.001,0.0,0.0,0.0,8.2,0.0,0.0,0.037,0.0,0.001,0.0,0.0,0.0,0.0,0.0,0.0,0.007,0.0,0.0
28,326976.84552473156,127194.37632652398,204731.86215629394,46.65346145629883,7.1771745681762695,16.76658821105957,0.5543734841833287,0.3696242957460295,0.4624506480611058,7.53,0.39,1.2,25380.28,2568.78,5282.64,0.756,0.503,0.641,0.8,0.02,0.04,4763.99,73.32,141.0,0.104,0.016,0.022,9.23,0.59,1.57,29372.4,10225.4,17941.6,0.758,0.498,0.64,0.13,0.02,0.04,265.08,73.32,139.12,0.029,0.016,0.022,311854.10907042143,109507.25765991665,176761.64654474362,44.24515914916992,5.153227806091309,24.031301498413086,0.5786460725826787,0.3460676634293642,0.45233659270996834,7.82,0.41,2.05,21051.14,2313.36,5655.0,0.805,0.478,0.67,0.58,0.01,0.05,3559.7099999999996,54.519999999999996,118.44,0.073,0.014,0.022,5.07,0.63,2.57,31381.400000000005,8749.4,14530.399999999998,0.783,0.477,0.639,0.11,0.01,0.04,263.2,54.519999999999996,112.8,0.029,0.014,0.022
29,310726.8809601355,59400.591064364475,139079.9865438231,49.071205139160156,9.750460624694824,18.166927337646484,0.5519316516815961,0.315231795230382,0.4578240731269912,3.8,0.57,1.12,17734.61,1493.43,4248.5,0.81,0.421,0.65,0.54,0.01,0.04,3506.58,33.84,88.36,0.077,0.01,0.02,6.85,0.85,1.98,31053.399999999998,6461.6,12193.4,0.827,0.485,0.647,0.14,0.01,0.04,251.92000000000002,33.84,88.36,0.03,0.01,0.02,87821.70877650706,84.89577098034857,2835.98568172647,32.807674407958984,0.003140251850709319,0.33256709575653076,0.452713767970747,0.011581928569213184,0.15928696796064276,5.64,0.0,0.05,9828.82,0.0,92.88,0.685,0.002,0.274,0.03,0.0,0.0,70.84,0.0,5.64,0.085,0.002,0.011,3.33,0.0,0.06,8142.6,8.2,303.4,0.616,0.011,0.239,0.08,0.0,0.0,65.8,0.0,1.88,0.02,0.002,0.009
30,605622.6054636522,215915.33854801438,380017.2434014356,47.189353942871094,17.61053466796875,36.9239616394043,0.6495911792598513,0.461884546596651,0.5813464241668953,6.21,1.14,2.4,31223.69,4200.36,11129.37,0.865,0.662,0.782,1.08,0.02,0.08,6074.53,129.72,347.8,0.085,0.022,0.031,8.21,1.41,4.56,54546.4,16621.4,34374.4,0.869,0.636,0.779,0.14,0.02,0.08,462.48,129.72,306.44,0.033,0.022,0.03,434482.13505296945,58335.289101395756,324906.00018320093,47.257484436035156,2.8428094387054443,32.88270568847656,0.5930019303457003,0.26217898876146545,0.5362980347392969,5.37,0.36,2.46,17504.85,1468.6,8310.24,0.847,0.398,0.757,1.43,0.01,0.08,7845.529999999999,28.2,251.92000000000002,0.093,0.01,0.028,10.9,0.27,4.15,49413.2,4690.4,26576.199999999997,0.84,0.38,0.735,0.2,0.01,0.07,454.96,28.2,225.6,0.032,0.01,0.027
31,56251.85768584706,19681.20668338015,38120.105448487266,6.900837421417236,2.2205450534820557,4.7942728996276855,0.3301738233253959,0.2576451413880928,0.3070998537590654,0.48,0.11,0.26,1812.5,473.2800000000001,1175.85,0.51,0.372,0.432,0.08,0.0,0.0,478.1700000000001,9.4,18.8,0.033,0.01,0.011,0.77,0.22,0.51,5551.4,1558.0,3476.8,0.496,0.373,0.462,0.01,0.0,0.0,28.2,9.4,18.8,0.011,0.01,0.011,68763.10795253057,5813.56187155237,37045.37307970681,15.398591041564941,1.1807711124420166,8.323526382446289,0.4095868278687359,0.23376522806292294,0.3176118981966508,1.86,0.05,0.49,4756.0,91.0,1478.28,0.613,0.36,0.474,0.18,0.0,0.01,690.69,3.76,16.92,0.037,0.01,0.011,2.39,0.12,0.78,7568.6,459.20000000000005,3361.9999999999995,0.579,0.344,0.51,0.03,0.0,0.01,58.28,3.76,16.92,0.015,0.01,0.011
32,401312.51710265654,129905.10801907012,193888.2790151541,42.06460952758789,5.135596752166748,12.766874313354492,0.5655405256824162,0.3512027105685264,0.4776833528008741,3.47,0.28,1.0,32319.91,2761.38,6251.04,0.755,0.504,0.654,0.58,0.01,0.03,4887.96,48.88,129.72,0.074,0.011,0.022,4.55,0.61,1.22,33185.4,8782.2,16892.0,0.754,0.453,0.654,0.09,0.01,0.03,282.0,48.88,127.84000000000002,0.027,0.011,0.021,491755.28306382947,81043.44314095404,228155.7069262016,44.08254623413086,6.754800796508789,20.57067108154297,0.6362097966398153,0.30107762563339846,0.5024165168995314,8.78,0.37,1.52,30601.259999999995,1661.04,8359.59,0.839,0.4,0.698,0.67,0.01,0.04,3382.61,35.72,159.8,0.067,0.01,0.024,5.14,0.64,2.14,44427.6,6666.600000000001,18794.4,0.847,0.432,0.685,0.11,0.01,0.04,379.76,35.72,154.16,0.032,0.01,0.024
33,692487.7609519026,236082.01587597711,485546.6050269257,52.041255950927734,19.40658187866211,35.51195526123047,0.666527058415708,0.5321286383430018,0.6042498602523371,8.75,0.95,2.03,58415.52,4918.47,13188.12,0.859,0.501,0.823,0.1,0.04,0.06,532.04,188.0,385.3999999999999,0.033,0.027,0.032,6.61,2.38,4.14,61860.8,21254.4,44181.6,0.869,0.746,0.841,0.1,0.04,0.06,532.04,188.0,385.3999999999999,0.033,0.027,0.032,541965.6233085392,250035.62384251054,377195.38545991236,55.206329345703125,12.849913597106934,26.202905654907227,0.6450886738922852,0.5218042945832483,0.589868663529089,6.48,0.64,1.82,53120.22,4911.2,10311.3,0.836,0.54,0.786,0.12,0.02,0.05,413.6000000000001,157.92,263.2,0.031,0.025,0.029,6.25,1.21,2.83,46641.6,19803.0,31422.4,0.843,0.713,0.789,0.12,0.02,0.05,413.6000000000001,157.92,263.2,0.031,0.025,0.029
34,722635.8857687514,275207.653493018,551864.62998755,30.654808044433594,14.865096092224121,23.675636291503906,0.6280341126861021,0.46997960881851086,0.5803405728906759,4.75,0.65,1.36,59418.84,6855.84,13528.02,0.817,0.45,0.743,0.7,0.02,0.04,12538.68,251.92000000000002,392.92,0.097,0.025,0.029,4.82,1.36,2.12,59491.0,28724.6,45698.6,0.81,0.678,0.764,0.09,0.02,0.04,528.28,251.92000000000002,392.92,0.031,0.025,0.029,735073.0698210305,292829.4249795531,676465.0494259968,49.98893737792969,22.499433517456055,31.984848022460938,0.6264324619102916,0.49255489192637003,0.6080946698659349,9.29,0.98,2.01,73941.48,6924.4,14707.44,0.847,0.627,0.796,0.91,0.04,0.07,14717.01,253.80000000000004,483.15999999999997,0.102,0.026,0.031,8.24,2.18,3.99,66231.4,29905.4,56293.00000000001,0.834,0.707,0.803,0.16,0.04,0.07,575.28,253.80000000000004,483.15999999999997,0.033,0.026,0.031
35,764327.3627250174,285581.25068467704,479785.1673765861,29.322368621826172,9.186454772949219,23.66327476501465,0.6286320471286689,0.47195607045376253,0.5344775816671006,3.85,0.47,1.05,69441.0,4943.34,11165.04,0.811,0.61,0.712,0.37,0.02,0.04,5720.33,195.52,313.96,0.074,0.023,0.026,3.22,0.83,2.34,65001.4,24895.2,38950.0,0.817,0.638,0.713,0.06,0.02,0.04,565.88,195.52,312.08,0.031,0.023,0.026,516790.56735629286,215447.5726720343,354577.4320305326,35.14356231689453,8.152252197265625,20.52385902404785,0.590612042470599,0.4016793979392995,0.5128173338432879,3.23,0.39,1.28,31911.15,4597.08,9535.2,0.776,0.561,0.69,0.6,0.01,0.04,6924.61,95.88,244.4,0.083,0.016,0.025,3.55,0.49,1.96,41688.8,13497.2,29651.199999999997,0.769,0.503,0.685,0.07,0.01,0.04,368.48,95.88,242.52,0.029,0.016,0.025
36,317210.10505847854,195556.16441659222,260991.45583541284,24.564315795898438,13.072453498840332,18.0572566986084,0.5615219235612237,0.46088573270136746,0.5335241757173587,2.49,0.43,0.82,21822.21,3833.07,6182.76,0.747,0.618,0.701,0.04,0.01,0.03,221.84,122.2,172.96,0.027,0.02,0.025,2.25,1.11,1.53,28281.8,16301.6,22615.6,0.775,0.651,0.733,0.04,0.01,0.03,221.84,122.2,172.96,0.027,0.02,0.025,389217.76781274995,192931.27667100128,222697.17804767366,43.65593338012695,14.417023658752441,23.43390655517578,0.6074791598712458,0.5093398849669176,0.5341276628329459,3.07,0.57,1.11,23355.06,2924.6,5659.12,0.769,0.679,0.719,0.63,0.02,0.04,4675.44,112.8,146.64,0.084,0.023,0.025,5.08,1.26,2.21,41483.8,14399.199999999999,18892.8,0.856,0.684,0.732,0.1,0.02,0.04,415.48,112.8,146.64,0.033,0.023,0.025
37,48306.4943401885,14682.479972644796,32818.978831086504,8.194445610046387,1.1245648860931396,5.021566867828369,0.3375743038926484,0.26392916009345446,0.31976714993091704,0.93,0.07,0.34,4368.63,257.6,1294.7100000000003,0.535,0.366,0.484,0.09,0.0,0.01,495.88000000000005,7.52,16.92,0.036,0.01,0.011,0.92,0.11,0.57,4879.0,1271.0,3189.8,0.522,0.394,0.491,0.01,0.0,0.01,22.56,7.52,15.04,0.011,0.01,0.011,133763.0260272315,14904.126346775229,51314.83280074797,28.337793350219727,2.844794511795044,13.82094955444336,0.49639901223041466,0.2865367812838772,0.35431681635769813,3.13,0.21,0.75,11473.15,488.43000000000006,1289.52,0.689,0.43,0.474,0.42,0.01,0.02,1948.1000000000001,13.160000000000002,26.320000000000004,0.063,0.011,0.011,3.12,0.5,1.55,13530.0,1787.6000000000001,5248.0,0.727,0.465,0.547,0.05,0.01,0.02,112.8,11.28,24.44,0.024,0.011,0.011
38,423934.6235863481,214108.31939268115,323099.7333138281,56.347190856933594,13.985515594482422,26.68685531616211,0.6155721443925243,0.5077612230828713,0.5679259928927717,8.02,0.59,2.11,36277.45,4220.64,8694.0,0.854,0.463,0.795,0.81,0.02,0.05,5614.07,125.96000000000001,225.6,0.09,0.024,0.028,8.33,1.33,3.35,38269.4,16842.8,26584.4,0.843,0.714,0.783,0.12,0.02,0.05,329.0,125.96000000000001,221.84,0.031,0.024,0.028,203867.73894531684,34731.75836466647,61044.444410419164,44.78147888183594,3.914670944213867,12.37398624420166,0.5572403443586733,0.2953721160651943,0.35648952782187693,4.9,0.35,0.91,13470.5,829.44,2438.64,0.817,0.431,0.556,0.35,0.0,0.02,1098.02,13.160000000000002,26.320000000000004,0.061,0.011,0.011,6.03,0.37,1.42,21008.4,2443.6,5412.0,0.792,0.473,0.54,0.13,0.0,0.02,169.2,13.160000000000002,26.320000000000004,0.028,0.011,0.011
39,6687.220103795147,177.13441457785848,2000.752857644767,0.5925082564353943,0.006409015040844679,0.2219727337360382,0.20073094581247836,0.01892954304775981,0.11142753065462763,0.13,0.01,0.02,267.0,9.12,88.2,0.321,0.039,0.234,0.0,0.0,0.0,34.21,0.0,6.22,0.063,0.004,0.013,0.13,0.0,0.02,680.6,8.2,139.4,0.302,0.011,0.148,0.01,0.0,0.0,3.76,0.0,1.88,0.009,0.003,0.006,2271.2334088346324,0.0,0.16952724727161694,0.41281113028526306,0.0,4.222812094667461e-06,0.21209512921347373,0.0,0.004548425647385679,0.19,0.0,0.0,271.92,0.0,0.0,0.467,0.0,0.0,0.0,0.0,0.0,10.44,0.0,0.0,0.136,0.0,0.0,0.2,0.0,0.0,549.4,0.0,0.0,0.383,0.0,0.0,0.0,0.0,0.0,3.76,0.0,0.0,0.011,0.0,0.0
40,151982.8516461627,46348.49765901313,75469.82391189689,21.87070083618164,2.47598934173584,8.142206192016602,0.445855791882304,0.2472148605843372,0.3111119197146951,3.31,0.14,0.85,11370.96,297.92,3276.72,0.656,0.093,0.496,0.41,0.0,0.01,1965.8100000000002,18.8,35.72,0.049,0.01,0.011,3.08,0.28,0.77,14440.2,3206.2,6445.2,0.654,0.361,0.445,0.09,0.0,0.01,110.92,18.8,35.72,0.022,0.01,0.011,41431.012704972345,1634.4875865339575,9294.2406756063,8.010984420776367,0.13727957010269165,1.4890999794006348,0.34174619994679617,0.09429355876603353,0.2285827952304989,0.98,0.05,0.26,1915.28,97.2,484.1600000000001,0.514,0.265,0.413,0.08,0.0,0.0,247.94000000000003,1.88,9.4,0.109,0.007,0.011,1.41,0.0,0.25,5059.4,16.4,885.6000000000001,0.502,0.03,0.359,0.02,0.0,0.0,24.44,0.0,5.64,0.011,0.005,0.01
41,973263.407312036,616057.6745283571,791100.4265155657,50.55631637573242,25.952238082885742,37.265193939208984,0.6419923084971627,0.5886430421304994,0.6171459905961683,4.85,1.09,2.26,39457.68,9431.8,20938.0,0.861,0.543,0.822,0.1,0.04,0.07,740.72,415.48,586.56,0.033,0.029,0.031,5.72,2.2,3.83,83139.8,47625.6,65928.00000000001,0.857,0.773,0.822,0.1,0.04,0.07,740.72,415.48,586.56,0.033,0.029,0.031,862529.3423760601,317967.44046213856,540763.7760568631,62.56645202636719,24.433557510375977,34.97474670410156,0.6342143575747472,0.49997226462112315,0.5643314470676883,10.41,1.12,2.4,74046.0,6289.29,12880.08,0.87,0.581,0.757,0.13,0.04,0.07,742.6,240.64,398.56,0.033,0.025,0.03,11.6,2.27,4.12,83812.2,26576.199999999997,45985.6,0.857,0.695,0.77,0.13,0.04,0.07,742.6,240.64,398.56,0.033,0.025,0.03
